"","location","age_group","forecast_date","target_end_date","horizon","type","quantile","value"
"1","DE","00+",2024-10-17,2024-10-20,1,"quantile",0.025,1062800
"2","DE","00+",2024-10-17,2024-10-20,1,"quantile",0.1,1199200
"3","DE","00+",2024-10-17,2024-10-20,1,"quantile",0.25,1331100
"4","DE","00+",2024-10-17,2024-10-20,1,"quantile",0.5,1488900
"5","DE","00+",2024-10-17,2024-10-20,1,"quantile",0.75,1659000
"6","DE","00+",2024-10-17,2024-10-20,1,"quantile",0.9,1822900
"7","DE","00+",2024-10-17,2024-10-20,1,"quantile",0.975,2018600
"8","DE","00+",2024-10-17,2024-10-27,2,"quantile",0.025,1028900
"9","DE","00+",2024-10-17,2024-10-27,2,"quantile",0.1,1191500
"10","DE","00+",2024-10-17,2024-10-27,2,"quantile",0.25,1351200
"11","DE","00+",2024-10-17,2024-10-27,2,"quantile",0.5,1545200
"12","DE","00+",2024-10-17,2024-10-27,2,"quantile",0.75,1757200
"13","DE","00+",2024-10-17,2024-10-27,2,"quantile",0.9,1964000
"14","DE","00+",2024-10-17,2024-10-27,2,"quantile",0.975,2213500
"15","DE","00+",2024-10-17,2024-11-03,3,"quantile",0.025,994500
"16","DE","00+",2024-10-17,2024-11-03,3,"quantile",0.1,1178800
"17","DE","00+",2024-10-17,2024-11-03,3,"quantile",0.25,1362700
"18","DE","00+",2024-10-17,2024-11-03,3,"quantile",0.5,1588900
"19","DE","00+",2024-10-17,2024-11-03,3,"quantile",0.75,1839200
"20","DE","00+",2024-10-17,2024-11-03,3,"quantile",0.9,2085800
"21","DE","00+",2024-10-17,2024-11-03,3,"quantile",0.975,2386300
"22","DE","00+",2024-10-17,2024-11-10,4,"quantile",0.025,957700
"23","DE","00+",2024-10-17,2024-11-10,4,"quantile",0.1,1160100
"24","DE","00+",2024-10-17,2024-11-10,4,"quantile",0.25,1364700
"25","DE","00+",2024-10-17,2024-11-10,4,"quantile",0.5,1619500
"26","DE","00+",2024-10-17,2024-11-10,4,"quantile",0.75,1904600
"27","DE","00+",2024-10-17,2024-11-10,4,"quantile",0.9,2188100
"28","DE","00+",2024-10-17,2024-11-10,4,"quantile",0.975,2536400
"29","DE","00+",2024-10-24,2024-10-27,1,"quantile",0.025,1089600
"30","DE","00+",2024-10-24,2024-10-27,1,"quantile",0.1,1229500
"31","DE","00+",2024-10-24,2024-10-27,1,"quantile",0.25,1364900
"32","DE","00+",2024-10-24,2024-10-27,1,"quantile",0.5,1526900
"33","DE","00+",2024-10-24,2024-10-27,1,"quantile",0.75,1701500
"34","DE","00+",2024-10-24,2024-10-27,1,"quantile",0.9,1869900
"35","DE","00+",2024-10-24,2024-10-27,1,"quantile",0.975,2070900
"36","DE","00+",2024-10-24,2024-11-03,2,"quantile",0.025,1045700
"37","DE","00+",2024-10-24,2024-11-03,2,"quantile",0.1,1210600
"38","DE","00+",2024-10-24,2024-11-03,2,"quantile",0.25,1372700
"39","DE","00+",2024-10-24,2024-11-03,2,"quantile",0.5,1569600
"40","DE","00+",2024-10-24,2024-11-03,2,"quantile",0.75,1784800
"41","DE","00+",2024-10-24,2024-11-03,2,"quantile",0.9,1994800
"42","DE","00+",2024-10-24,2024-11-03,2,"quantile",0.975,2248300
"43","DE","00+",2024-10-24,2024-11-10,3,"quantile",0.025,1002300
"44","DE","00+",2024-10-24,2024-11-10,3,"quantile",0.1,1187600
"45","DE","00+",2024-10-24,2024-11-10,3,"quantile",0.25,1372300
"46","DE","00+",2024-10-24,2024-11-10,3,"quantile",0.5,1599500
"47","DE","00+",2024-10-24,2024-11-10,3,"quantile",0.75,1850900
"48","DE","00+",2024-10-24,2024-11-10,3,"quantile",0.9,2098700
"49","DE","00+",2024-10-24,2024-11-10,3,"quantile",0.975,2400700
"50","DE","00+",2024-10-24,2024-11-17,4,"quantile",0.025,957900
"51","DE","00+",2024-10-24,2024-11-17,4,"quantile",0.1,1159300
"52","DE","00+",2024-10-24,2024-11-17,4,"quantile",0.25,1362800
"53","DE","00+",2024-10-24,2024-11-17,4,"quantile",0.5,1616200
"54","DE","00+",2024-10-24,2024-11-17,4,"quantile",0.75,1899600
"55","DE","00+",2024-10-24,2024-11-17,4,"quantile",0.9,2181500
"56","DE","00+",2024-10-24,2024-11-17,4,"quantile",0.975,2527700
"57","DE","00+",2024-10-31,2024-11-03,1,"quantile",0.025,1010700
"58","DE","00+",2024-10-31,2024-11-03,1,"quantile",0.1,1140800
"59","DE","00+",2024-10-31,2024-11-03,1,"quantile",0.25,1266700
"60","DE","00+",2024-10-31,2024-11-03,1,"quantile",0.5,1417500
"61","DE","00+",2024-10-31,2024-11-03,1,"quantile",0.75,1580200
"62","DE","00+",2024-10-31,2024-11-03,1,"quantile",0.9,1737100
"63","DE","00+",2024-10-31,2024-11-03,1,"quantile",0.975,1924500
"64","DE","00+",2024-10-31,2024-11-10,2,"quantile",0.025,960600
"65","DE","00+",2024-10-31,2024-11-10,2,"quantile",0.1,1112100
"66","DE","00+",2024-10-31,2024-11-10,2,"quantile",0.25,1261100
"67","DE","00+",2024-10-31,2024-11-10,2,"quantile",0.5,1442100
"68","DE","00+",2024-10-31,2024-11-10,2,"quantile",0.75,1640000
"69","DE","00+",2024-10-31,2024-11-10,2,"quantile",0.9,1833100
"70","DE","00+",2024-10-31,2024-11-10,2,"quantile",0.975,2066400
"71","DE","00+",2024-10-31,2024-11-17,3,"quantile",0.025,912400
"72","DE","00+",2024-10-31,2024-11-17,3,"quantile",0.1,1080600
"73","DE","00+",2024-10-31,2024-11-17,3,"quantile",0.25,1248400
"74","DE","00+",2024-10-31,2024-11-17,3,"quantile",0.5,1454800
"75","DE","00+",2024-10-31,2024-11-17,3,"quantile",0.75,1683200
"76","DE","00+",2024-10-31,2024-11-17,3,"quantile",0.9,1908300
"77","DE","00+",2024-10-31,2024-11-17,3,"quantile",0.975,2182800
"78","DE","00+",2024-10-31,2024-11-24,4,"quantile",0.025,862900
"79","DE","00+",2024-10-31,2024-11-24,4,"quantile",0.1,1043600
"80","DE","00+",2024-10-31,2024-11-24,4,"quantile",0.25,1226200
"81","DE","00+",2024-10-31,2024-11-24,4,"quantile",0.5,1453500
"82","DE","00+",2024-10-31,2024-11-24,4,"quantile",0.75,1707800
"83","DE","00+",2024-10-31,2024-11-24,4,"quantile",0.9,1960700
"84","DE","00+",2024-10-31,2024-11-24,4,"quantile",0.975,2271400
"85","DE","00+",2024-11-07,2024-11-10,1,"quantile",0.025,855100
"86","DE","00+",2024-11-07,2024-11-10,1,"quantile",0.1,966400
"87","DE","00+",2024-11-07,2024-11-10,1,"quantile",0.25,1074400
"88","DE","00+",2024-11-07,2024-11-10,1,"quantile",0.5,1203900
"89","DE","00+",2024-11-07,2024-11-10,1,"quantile",0.75,1343900
"90","DE","00+",2024-11-07,2024-11-10,1,"quantile",0.9,1479100
"91","DE","00+",2024-11-07,2024-11-10,1,"quantile",0.975,1641000
"92","DE","00+",2024-11-07,2024-11-17,2,"quantile",0.025,804300
"93","DE","00+",2024-11-07,2024-11-17,2,"quantile",0.1,932000
"94","DE","00+",2024-11-07,2024-11-17,2,"quantile",0.25,1057700
"95","DE","00+",2024-11-07,2024-11-17,2,"quantile",0.5,1210600
"96","DE","00+",2024-11-07,2024-11-17,2,"quantile",0.75,1378100
"97","DE","00+",2024-11-07,2024-11-17,2,"quantile",0.9,1541900
"98","DE","00+",2024-11-07,2024-11-17,2,"quantile",0.975,1739900
"99","DE","00+",2024-11-07,2024-11-24,3,"quantile",0.025,755200
"100","DE","00+",2024-11-07,2024-11-24,3,"quantile",0.1,894900
"101","DE","00+",2024-11-07,2024-11-24,3,"quantile",0.25,1034300
"102","DE","00+",2024-11-07,2024-11-24,3,"quantile",0.5,1206100
"103","DE","00+",2024-11-07,2024-11-24,3,"quantile",0.75,1396500
"104","DE","00+",2024-11-07,2024-11-24,3,"quantile",0.9,1584400
"105","DE","00+",2024-11-07,2024-11-24,3,"quantile",0.975,1813700
"106","DE","00+",2024-11-07,2024-12-01,4,"quantile",0.025,711500
"107","DE","00+",2024-11-07,2024-12-01,4,"quantile",0.1,860000
"108","DE","00+",2024-11-07,2024-12-01,4,"quantile",0.25,1010100
"109","DE","00+",2024-11-07,2024-12-01,4,"quantile",0.5,1197000
"110","DE","00+",2024-11-07,2024-12-01,4,"quantile",0.75,1406200
"111","DE","00+",2024-11-07,2024-12-01,4,"quantile",0.9,1614500
"112","DE","00+",2024-11-07,2024-12-01,4,"quantile",0.975,1870700
"113","DE","00+",2024-11-14,2024-11-17,1,"quantile",0.025,939800
"114","DE","00+",2024-11-14,2024-11-17,1,"quantile",0.1,1061600
"115","DE","00+",2024-11-14,2024-11-17,1,"quantile",0.25,1179600
"116","DE","00+",2024-11-14,2024-11-17,1,"quantile",0.5,1321100
"117","DE","00+",2024-11-14,2024-11-17,1,"quantile",0.75,1473900
"118","DE","00+",2024-11-14,2024-11-17,1,"quantile",0.9,1621400
"119","DE","00+",2024-11-14,2024-11-17,1,"quantile",0.975,1797800
"120","DE","00+",2024-11-14,2024-11-24,2,"quantile",0.025,877400
"121","DE","00+",2024-11-14,2024-11-24,2,"quantile",0.1,1015900
"122","DE","00+",2024-11-14,2024-11-24,2,"quantile",0.25,1152200
"123","DE","00+",2024-11-14,2024-11-24,2,"quantile",0.5,1317900
"124","DE","00+",2024-11-14,2024-11-24,2,"quantile",0.75,1499200
"125","DE","00+",2024-11-14,2024-11-24,2,"quantile",0.9,1676300
"126","DE","00+",2024-11-14,2024-11-24,2,"quantile",0.975,1890200
"127","DE","00+",2024-11-14,2024-12-01,3,"quantile",0.025,822500
"128","DE","00+",2024-11-14,2024-12-01,3,"quantile",0.1,973300
"129","DE","00+",2024-11-14,2024-12-01,3,"quantile",0.25,1123700
"130","DE","00+",2024-11-14,2024-12-01,3,"quantile",0.5,1308700
"131","DE","00+",2024-11-14,2024-12-01,3,"quantile",0.75,1513400
"132","DE","00+",2024-11-14,2024-12-01,3,"quantile",0.9,1715300
"133","DE","00+",2024-11-14,2024-12-01,3,"quantile",0.975,1961500
"134","DE","00+",2024-11-14,2024-12-08,4,"quantile",0.025,777500
"135","DE","00+",2024-11-14,2024-12-08,4,"quantile",0.1,937400
"136","DE","00+",2024-11-14,2024-12-08,4,"quantile",0.25,1098600
"137","DE","00+",2024-11-14,2024-12-08,4,"quantile",0.5,1299100
"138","DE","00+",2024-11-14,2024-12-08,4,"quantile",0.75,1523100
"139","DE","00+",2024-11-14,2024-12-08,4,"quantile",0.9,1745700
"140","DE","00+",2024-11-14,2024-12-08,4,"quantile",0.975,2019100
"141","DE","00+",2024-11-21,2024-11-24,1,"quantile",0.025,932200
"142","DE","00+",2024-11-21,2024-11-24,1,"quantile",0.1,1052900
"143","DE","00+",2024-11-21,2024-11-24,1,"quantile",0.25,1169800
"144","DE","00+",2024-11-21,2024-11-24,1,"quantile",0.5,1309900
"145","DE","00+",2024-11-21,2024-11-24,1,"quantile",0.75,1461100
"146","DE","00+",2024-11-21,2024-11-24,1,"quantile",0.9,1607200
"147","DE","00+",2024-11-21,2024-11-24,1,"quantile",0.975,1781800
"148","DE","00+",2024-11-21,2024-12-01,2,"quantile",0.025,867600
"149","DE","00+",2024-11-21,2024-12-01,2,"quantile",0.1,1003800
"150","DE","00+",2024-11-21,2024-12-01,2,"quantile",0.25,1137700
"151","DE","00+",2024-11-21,2024-12-01,2,"quantile",0.5,1300500
"152","DE","00+",2024-11-21,2024-12-01,2,"quantile",0.75,1478500
"153","DE","00+",2024-11-21,2024-12-01,2,"quantile",0.9,1652300
"154","DE","00+",2024-11-21,2024-12-01,2,"quantile",0.975,1862300
"155","DE","00+",2024-11-21,2024-12-08,3,"quantile",0.025,815400
"156","DE","00+",2024-11-21,2024-12-08,3,"quantile",0.1,963100
"157","DE","00+",2024-11-21,2024-12-08,3,"quantile",0.25,1110100
"158","DE","00+",2024-11-21,2024-12-08,3,"quantile",0.5,1290900
"159","DE","00+",2024-11-21,2024-12-08,3,"quantile",0.75,1490800
"160","DE","00+",2024-11-21,2024-12-08,3,"quantile",0.9,1687700
"161","DE","00+",2024-11-21,2024-12-08,3,"quantile",0.975,1927600
"162","DE","00+",2024-11-21,2024-12-15,4,"quantile",0.025,782000
"163","DE","00+",2024-11-21,2024-12-15,4,"quantile",0.1,938900
"164","DE","00+",2024-11-21,2024-12-15,4,"quantile",0.25,1096700
"165","DE","00+",2024-11-21,2024-12-15,4,"quantile",0.5,1292500
"166","DE","00+",2024-11-21,2024-12-15,4,"quantile",0.75,1510700
"167","DE","00+",2024-11-21,2024-12-15,4,"quantile",0.9,1727200
"168","DE","00+",2024-11-21,2024-12-15,4,"quantile",0.975,1992700
"169","DE","00+",2024-11-28,2024-12-01,1,"quantile",0.025,939500
"170","DE","00+",2024-11-28,2024-12-01,1,"quantile",0.1,1060600
"171","DE","00+",2024-11-28,2024-12-01,1,"quantile",0.25,1177700
"172","DE","00+",2024-11-28,2024-12-01,1,"quantile",0.5,1318000
"173","DE","00+",2024-11-28,2024-12-01,1,"quantile",0.75,1469400
"174","DE","00+",2024-11-28,2024-12-01,1,"quantile",0.9,1615400
"175","DE","00+",2024-11-28,2024-12-01,1,"quantile",0.975,1789900
"176","DE","00+",2024-11-28,2024-12-08,2,"quantile",0.025,875700
"177","DE","00+",2024-11-28,2024-12-08,2,"quantile",0.1,1011900
"178","DE","00+",2024-11-28,2024-12-08,2,"quantile",0.25,1145700
"179","DE","00+",2024-11-28,2024-12-08,2,"quantile",0.5,1308000
"180","DE","00+",2024-11-28,2024-12-08,2,"quantile",0.75,1485400
"181","DE","00+",2024-11-28,2024-12-08,2,"quantile",0.9,1658400
"182","DE","00+",2024-11-28,2024-12-08,2,"quantile",0.975,1867200
"183","DE","00+",2024-11-28,2024-12-15,3,"quantile",0.025,833400
"184","DE","00+",2024-11-28,2024-12-15,3,"quantile",0.1,981400
"185","DE","00+",2024-11-28,2024-12-15,3,"quantile",0.25,1128600
"186","DE","00+",2024-11-28,2024-12-15,3,"quantile",0.5,1309000
"187","DE","00+",2024-11-28,2024-12-15,3,"quantile",0.75,1508200
"188","DE","00+",2024-11-28,2024-12-15,3,"quantile",0.9,1704000
"189","DE","00+",2024-11-28,2024-12-15,3,"quantile",0.975,1942100
"190","DE","00+",2024-11-28,2024-12-22,4,"quantile",0.025,817500
"191","DE","00+",2024-11-28,2024-12-22,4,"quantile",0.1,976100
"192","DE","00+",2024-11-28,2024-12-22,4,"quantile",0.25,1135000
"193","DE","00+",2024-11-28,2024-12-22,4,"quantile",0.5,1331400
"194","DE","00+",2024-11-28,2024-12-22,4,"quantile",0.75,1549700
"195","DE","00+",2024-11-28,2024-12-22,4,"quantile",0.9,1765600
"196","DE","00+",2024-11-28,2024-12-22,4,"quantile",0.975,2029600
"197","DE","00+",2024-12-05,2024-12-08,1,"quantile",0.025,908200
"198","DE","00+",2024-12-05,2024-12-08,1,"quantile",0.1,1024800
"199","DE","00+",2024-12-05,2024-12-08,1,"quantile",0.25,1137500
"200","DE","00+",2024-12-05,2024-12-08,1,"quantile",0.5,1272500
"201","DE","00+",2024-12-05,2024-12-08,1,"quantile",0.75,1418000
"202","DE","00+",2024-12-05,2024-12-08,1,"quantile",0.9,1558400
"203","DE","00+",2024-12-05,2024-12-08,1,"quantile",0.975,1725900
"204","DE","00+",2024-12-05,2024-12-15,2,"quantile",0.025,856600
"205","DE","00+",2024-12-05,2024-12-15,2,"quantile",0.1,988200
"206","DE","00+",2024-12-05,2024-12-15,2,"quantile",0.25,1117400
"207","DE","00+",2024-12-05,2024-12-15,2,"quantile",0.5,1273900
"208","DE","00+",2024-12-05,2024-12-15,2,"quantile",0.75,1444700
"209","DE","00+",2024-12-05,2024-12-15,2,"quantile",0.9,1611100
"210","DE","00+",2024-12-05,2024-12-15,2,"quantile",0.975,1811700
"211","DE","00+",2024-12-05,2024-12-22,3,"quantile",0.025,834100
"212","DE","00+",2024-12-05,2024-12-22,3,"quantile",0.1,978600
"213","DE","00+",2024-12-05,2024-12-22,3,"quantile",0.25,1121800
"214","DE","00+",2024-12-05,2024-12-22,3,"quantile",0.5,1297000
"215","DE","00+",2024-12-05,2024-12-22,3,"quantile",0.75,1489800
"216","DE","00+",2024-12-05,2024-12-22,3,"quantile",0.9,1679100
"217","DE","00+",2024-12-05,2024-12-22,3,"quantile",0.975,1908800
"218","DE","00+",2024-12-05,2024-12-29,4,"quantile",0.025,484500
"219","DE","00+",2024-12-05,2024-12-29,4,"quantile",0.1,568600
"220","DE","00+",2024-12-05,2024-12-29,4,"quantile",0.25,651900
"221","DE","00+",2024-12-05,2024-12-29,4,"quantile",0.5,753900
"222","DE","00+",2024-12-05,2024-12-29,4,"quantile",0.75,866200
"223","DE","00+",2024-12-05,2024-12-29,4,"quantile",0.9,976300
"224","DE","00+",2024-12-05,2024-12-29,4,"quantile",0.975,1110000
"225","DE","00+",2024-12-12,2024-12-15,1,"quantile",0.025,930400
"226","DE","00+",2024-12-12,2024-12-15,1,"quantile",0.1,1049500
"227","DE","00+",2024-12-12,2024-12-15,1,"quantile",0.25,1164700
"228","DE","00+",2024-12-12,2024-12-15,1,"quantile",0.5,1302600
"229","DE","00+",2024-12-12,2024-12-15,1,"quantile",0.75,1451100
"230","DE","00+",2024-12-12,2024-12-15,1,"quantile",0.9,1594300
"231","DE","00+",2024-12-12,2024-12-15,1,"quantile",0.975,1765300
"232","DE","00+",2024-12-12,2024-12-22,2,"quantile",0.025,894300
"233","DE","00+",2024-12-12,2024-12-22,2,"quantile",0.1,1030100
"234","DE","00+",2024-12-12,2024-12-22,2,"quantile",0.25,1163200
"235","DE","00+",2024-12-12,2024-12-22,2,"quantile",0.5,1324300
"236","DE","00+",2024-12-12,2024-12-22,2,"quantile",0.75,1499900
"237","DE","00+",2024-12-12,2024-12-22,2,"quantile",0.9,1670800
"238","DE","00+",2024-12-12,2024-12-22,2,"quantile",0.975,1876600
"239","DE","00+",2024-12-12,2024-12-29,3,"quantile",0.025,507800
"240","DE","00+",2024-12-12,2024-12-29,3,"quantile",0.1,589200
"241","DE","00+",2024-12-12,2024-12-29,3,"quantile",0.25,669100
"242","DE","00+",2024-12-12,2024-12-29,3,"quantile",0.5,766300
"243","DE","00+",2024-12-12,2024-12-29,3,"quantile",0.75,872600
"244","DE","00+",2024-12-12,2024-12-29,3,"quantile",0.9,976400
"245","DE","00+",2024-12-12,2024-12-29,3,"quantile",0.975,1101700
"246","DE","00+",2024-12-12,2025-01-05,4,"quantile",0.025,465000
"247","DE","00+",2024-12-12,2025-01-05,4,"quantile",0.1,535600
"248","DE","00+",2024-12-12,2025-01-05,4,"quantile",0.25,604700
"249","DE","00+",2024-12-12,2025-01-05,4,"quantile",0.5,688200
"250","DE","00+",2024-12-12,2025-01-05,4,"quantile",0.75,779300
"251","DE","00+",2024-12-12,2025-01-05,4,"quantile",0.9,867800
"252","DE","00+",2024-12-12,2025-01-05,4,"quantile",0.975,974300
"253","DE","00+",2024-12-19,2024-12-22,1,"quantile",0.025,988900
"254","DE","00+",2024-12-19,2024-12-22,1,"quantile",0.1,1115000
"255","DE","00+",2024-12-19,2024-12-22,1,"quantile",0.25,1236900
"256","DE","00+",2024-12-19,2024-12-22,1,"quantile",0.5,1382700
"257","DE","00+",2024-12-19,2024-12-22,1,"quantile",0.75,1539800
"258","DE","00+",2024-12-19,2024-12-22,1,"quantile",0.9,1691000
"259","DE","00+",2024-12-19,2024-12-22,1,"quantile",0.975,1871400
"260","DE","00+",2024-12-19,2024-12-29,2,"quantile",0.025,544200
"261","DE","00+",2024-12-19,2024-12-29,2,"quantile",0.1,623100
"262","DE","00+",2024-12-19,2024-12-29,2,"quantile",0.25,700100
"263","DE","00+",2024-12-19,2024-12-29,2,"quantile",0.5,793000
"264","DE","00+",2024-12-19,2024-12-29,2,"quantile",0.75,893800
"265","DE","00+",2024-12-19,2024-12-29,2,"quantile",0.9,991600
"266","DE","00+",2024-12-19,2024-12-29,2,"quantile",0.975,1109000
"267","DE","00+",2024-12-19,2025-01-05,3,"quantile",0.025,485400
"268","DE","00+",2024-12-19,2025-01-05,3,"quantile",0.1,555200
"269","DE","00+",2024-12-19,2025-01-05,3,"quantile",0.25,623300
"270","DE","00+",2024-12-19,2025-01-05,3,"quantile",0.5,705300
"271","DE","00+",2024-12-19,2025-01-05,3,"quantile",0.75,794300
"272","DE","00+",2024-12-19,2025-01-05,3,"quantile",0.9,880500
"273","DE","00+",2024-12-19,2025-01-05,3,"quantile",0.975,983900
"274","DE","00+",2024-12-19,2025-01-12,4,"quantile",0.025,732400
"275","DE","00+",2024-12-19,2025-01-12,4,"quantile",0.1,841700
"276","DE","00+",2024-12-19,2025-01-12,4,"quantile",0.25,948500
"277","DE","00+",2024-12-19,2025-01-12,4,"quantile",0.5,1077600
"278","DE","00+",2024-12-19,2025-01-12,4,"quantile",0.75,1217900
"279","DE","00+",2024-12-19,2025-01-12,4,"quantile",0.9,1354200
"280","DE","00+",2024-12-19,2025-01-12,4,"quantile",0.975,1517900
"281","DE","00+",2025-01-09,2025-01-12,1,"quantile",0.025,861100
"282","DE","00+",2025-01-09,2025-01-12,1,"quantile",0.1,972900
"283","DE","00+",2025-01-09,2025-01-12,1,"quantile",0.25,1081000
"284","DE","00+",2025-01-09,2025-01-12,1,"quantile",0.5,1210400
"285","DE","00+",2025-01-09,2025-01-12,1,"quantile",0.75,1349900
"286","DE","00+",2025-01-09,2025-01-12,1,"quantile",0.9,1484300
"287","DE","00+",2025-01-09,2025-01-12,1,"quantile",0.975,1644800
"288","DE","00+",2025-01-09,2025-01-19,2,"quantile",0.025,971100
"289","DE","00+",2025-01-09,2025-01-19,2,"quantile",0.1,1113000
"290","DE","00+",2025-01-09,2025-01-19,2,"quantile",0.25,1251400
"291","DE","00+",2025-01-09,2025-01-19,2,"quantile",0.5,1418400
"292","DE","00+",2025-01-09,2025-01-19,2,"quantile",0.75,1599800
"293","DE","00+",2025-01-09,2025-01-19,2,"quantile",0.9,1775600
"294","DE","00+",2025-01-09,2025-01-19,2,"quantile",0.975,1986700
"295","DE","00+",2025-01-09,2025-01-26,3,"quantile",0.025,1075300
"296","DE","00+",2025-01-09,2025-01-26,3,"quantile",0.1,1244100
"297","DE","00+",2025-01-09,2025-01-26,3,"quantile",0.25,1409800
"298","DE","00+",2025-01-09,2025-01-26,3,"quantile",0.5,1610700
"299","DE","00+",2025-01-09,2025-01-26,3,"quantile",0.75,1829900
"300","DE","00+",2025-01-09,2025-01-26,3,"quantile",0.9,2043400
"301","DE","00+",2025-01-09,2025-01-26,3,"quantile",0.975,2300600
"302","DE","00+",2025-01-09,2025-02-02,4,"quantile",0.025,1145800
"303","DE","00+",2025-01-09,2025-02-02,4,"quantile",0.1,1336400
"304","DE","00+",2025-01-09,2025-02-02,4,"quantile",0.25,1524300
"305","DE","00+",2025-01-09,2025-02-02,4,"quantile",0.5,1753200
"306","DE","00+",2025-01-09,2025-02-02,4,"quantile",0.75,2004100
"307","DE","00+",2025-01-09,2025-02-02,4,"quantile",0.9,2249200
"308","DE","00+",2025-01-09,2025-02-02,4,"quantile",0.975,2545600
"309","DE","00+",2025-01-16,2025-01-19,1,"quantile",0.025,1179600
"310","DE","00+",2025-01-16,2025-01-19,1,"quantile",0.1,1333100
"311","DE","00+",2025-01-16,2025-01-19,1,"quantile",0.25,1481500
"312","DE","00+",2025-01-16,2025-01-19,1,"quantile",0.5,1659000
"313","DE","00+",2025-01-16,2025-01-19,1,"quantile",0.75,1850300
"314","DE","00+",2025-01-16,2025-01-19,1,"quantile",0.9,2034600
"315","DE","00+",2025-01-16,2025-01-19,1,"quantile",0.975,2254400
"316","DE","00+",2025-01-16,2025-01-26,2,"quantile",0.025,1261400
"317","DE","00+",2025-01-16,2025-01-26,2,"quantile",0.1,1448400
"318","DE","00+",2025-01-16,2025-01-26,2,"quantile",0.25,1631000
"319","DE","00+",2025-01-16,2025-01-26,2,"quantile",0.5,1851500
"320","DE","00+",2025-01-16,2025-01-26,2,"quantile",0.75,2091100
"321","DE","00+",2025-01-16,2025-01-26,2,"quantile",0.9,2323600
"322","DE","00+",2025-01-16,2025-01-26,2,"quantile",0.975,2602900
"323","DE","00+",2025-01-16,2025-02-02,3,"quantile",0.025,1305000
"324","DE","00+",2025-01-16,2025-02-02,3,"quantile",0.1,1516700
"325","DE","00+",2025-01-16,2025-02-02,3,"quantile",0.25,1725100
"326","DE","00+",2025-01-16,2025-02-02,3,"quantile",0.5,1978400
"327","DE","00+",2025-01-16,2025-02-02,3,"quantile",0.75,2255400
"328","DE","00+",2025-01-16,2025-02-02,3,"quantile",0.9,2525700
"329","DE","00+",2025-01-16,2025-02-02,3,"quantile",0.975,2852000
"330","DE","00+",2025-01-16,2025-02-09,4,"quantile",0.025,1294900
"331","DE","00+",2025-01-16,2025-02-09,4,"quantile",0.1,1522000
"332","DE","00+",2025-01-16,2025-02-09,4,"quantile",0.25,1747100
"333","DE","00+",2025-01-16,2025-02-09,4,"quantile",0.5,2022400
"334","DE","00+",2025-01-16,2025-02-09,4,"quantile",0.75,2325400
"335","DE","00+",2025-01-16,2025-02-09,4,"quantile",0.9,2622500
"336","DE","00+",2025-01-16,2025-02-09,4,"quantile",0.975,2982800
"337","DE","00+",2025-01-23,2025-01-26,1,"quantile",0.025,1248000
"338","DE","00+",2025-01-23,2025-01-26,1,"quantile",0.1,1409700
"339","DE","00+",2025-01-23,2025-01-26,1,"quantile",0.25,1566100
"340","DE","00+",2025-01-23,2025-01-26,1,"quantile",0.5,1753100
"341","DE","00+",2025-01-23,2025-01-26,1,"quantile",0.75,1954600
"342","DE","00+",2025-01-23,2025-01-26,1,"quantile",0.9,2148700
"343","DE","00+",2025-01-23,2025-01-26,1,"quantile",0.975,2380200
"344","DE","00+",2025-01-23,2025-02-02,2,"quantile",0.025,1285100
"345","DE","00+",2025-01-23,2025-02-02,2,"quantile",0.1,1476000
"346","DE","00+",2025-01-23,2025-02-02,2,"quantile",0.25,1662500
"347","DE","00+",2025-01-23,2025-02-02,2,"quantile",0.5,1887800
"348","DE","00+",2025-01-23,2025-02-02,2,"quantile",0.75,2132600
"349","DE","00+",2025-01-23,2025-02-02,2,"quantile",0.9,2370200
"350","DE","00+",2025-01-23,2025-02-02,2,"quantile",0.975,2655600
"351","DE","00+",2025-01-23,2025-02-09,3,"quantile",0.025,1274200
"352","DE","00+",2025-01-23,2025-02-09,3,"quantile",0.1,1483300
"353","DE","00+",2025-01-23,2025-02-09,3,"quantile",0.25,1689400
"354","DE","00+",2025-01-23,2025-02-09,3,"quantile",0.5,1940200
"355","DE","00+",2025-01-23,2025-02-09,3,"quantile",0.75,2214800
"356","DE","00+",2025-01-23,2025-02-09,3,"quantile",0.9,2482900
"357","DE","00+",2025-01-23,2025-02-09,3,"quantile",0.975,2806700
"358","DE","00+",2025-01-23,2025-02-16,4,"quantile",0.025,1209600
"359","DE","00+",2025-01-23,2025-02-16,4,"quantile",0.1,1426900
"360","DE","00+",2025-01-23,2025-02-16,4,"quantile",0.25,1642700
"361","DE","00+",2025-01-23,2025-02-16,4,"quantile",0.5,1907300
"362","DE","00+",2025-01-23,2025-02-16,4,"quantile",0.75,2199100
"363","DE","00+",2025-01-23,2025-02-16,4,"quantile",0.9,2485600
"364","DE","00+",2025-01-23,2025-02-16,4,"quantile",0.975,2833600
"365","DE","00+",2025-01-30,2025-02-02,1,"quantile",0.025,1455200
"366","DE","00+",2025-01-30,2025-02-02,1,"quantile",0.1,1644600
"367","DE","00+",2025-01-30,2025-02-02,1,"quantile",0.25,1827900
"368","DE","00+",2025-01-30,2025-02-02,1,"quantile",0.5,2047700
"369","DE","00+",2025-01-30,2025-02-02,1,"quantile",0.75,2284900
"370","DE","00+",2025-01-30,2025-02-02,1,"quantile",0.9,2513900
"371","DE","00+",2025-01-30,2025-02-02,1,"quantile",0.975,2787600
"372","DE","00+",2025-01-30,2025-02-09,2,"quantile",0.025,1412900
"373","DE","00+",2025-01-30,2025-02-09,2,"quantile",0.1,1625500
"374","DE","00+",2025-01-30,2025-02-09,2,"quantile",0.25,1833600
"375","DE","00+",2025-01-30,2025-02-09,2,"quantile",0.5,2085500
"376","DE","00+",2025-01-30,2025-02-09,2,"quantile",0.75,2360000
"377","DE","00+",2025-01-30,2025-02-09,2,"quantile",0.9,2627100
"378","DE","00+",2025-01-30,2025-02-09,2,"quantile",0.975,2948700
"379","DE","00+",2025-01-30,2025-02-16,3,"quantile",0.025,1323300
"380","DE","00+",2025-01-30,2025-02-16,3,"quantile",0.1,1546500
"381","DE","00+",2025-01-30,2025-02-16,3,"quantile",0.25,1767200
"382","DE","00+",2025-01-30,2025-02-16,3,"quantile",0.5,2036700
"383","DE","00+",2025-01-30,2025-02-16,3,"quantile",0.75,2332600
"384","DE","00+",2025-01-30,2025-02-16,3,"quantile",0.9,2622600
"385","DE","00+",2025-01-30,2025-02-16,3,"quantile",0.975,2973900
"386","DE","00+",2025-01-30,2025-02-23,4,"quantile",0.025,1199100
"387","DE","00+",2025-01-30,2025-02-23,4,"quantile",0.1,1423400
"388","DE","00+",2025-01-30,2025-02-23,4,"quantile",0.25,1647400
"389","DE","00+",2025-01-30,2025-02-23,4,"quantile",0.5,1923200
"390","DE","00+",2025-01-30,2025-02-23,4,"quantile",0.75,2228600
"391","DE","00+",2025-01-30,2025-02-23,4,"quantile",0.9,2529800
"392","DE","00+",2025-01-30,2025-02-23,4,"quantile",0.975,2897100
"393","DE","00+",2025-02-06,2025-02-09,1,"quantile",0.025,1613300
"394","DE","00+",2025-02-06,2025-02-09,1,"quantile",0.1,1824000
"395","DE","00+",2025-02-06,2025-02-09,1,"quantile",0.25,2028200
"396","DE","00+",2025-02-06,2025-02-09,1,"quantile",0.5,2273100
"397","DE","00+",2025-02-06,2025-02-09,1,"quantile",0.75,2537700
"398","DE","00+",2025-02-06,2025-02-09,1,"quantile",0.9,2793300
"399","DE","00+",2025-02-06,2025-02-09,1,"quantile",0.975,3099000
"400","DE","00+",2025-02-06,2025-02-16,2,"quantile",0.025,1490900
"401","DE","00+",2025-02-06,2025-02-16,2,"quantile",0.1,1718300
"402","DE","00+",2025-02-06,2025-02-16,2,"quantile",0.25,1941400
"403","DE","00+",2025-02-06,2025-02-16,2,"quantile",0.5,2211700
"404","DE","00+",2025-02-06,2025-02-16,2,"quantile",0.75,2506700
"405","DE","00+",2025-02-06,2025-02-16,2,"quantile",0.9,2794100
"406","DE","00+",2025-02-06,2025-02-16,2,"quantile",0.975,3140700
"407","DE","00+",2025-02-06,2025-02-23,3,"quantile",0.025,1342000
"408","DE","00+",2025-02-06,2025-02-23,3,"quantile",0.1,1574000
"409","DE","00+",2025-02-06,2025-02-23,3,"quantile",0.25,1804000
"410","DE","00+",2025-02-06,2025-02-23,3,"quantile",0.5,2085400
"411","DE","00+",2025-02-06,2025-02-23,3,"quantile",0.75,2395400
"412","DE","00+",2025-02-06,2025-02-23,3,"quantile",0.9,2699700
"413","DE","00+",2025-02-06,2025-02-23,3,"quantile",0.975,3069200
"414","DE","00+",2025-02-06,2025-03-02,4,"quantile",0.025,1184400
"415","DE","00+",2025-02-06,2025-03-02,4,"quantile",0.1,1413200
"416","DE","00+",2025-02-06,2025-03-02,4,"quantile",0.25,1642300
"417","DE","00+",2025-02-06,2025-03-02,4,"quantile",0.5,1925400
"418","DE","00+",2025-02-06,2025-03-02,4,"quantile",0.75,2240000
"419","DE","00+",2025-02-06,2025-03-02,4,"quantile",0.9,2551100
"420","DE","00+",2025-02-06,2025-03-02,4,"quantile",0.975,2931400
"421","DE","00+",2025-02-13,2025-02-16,1,"quantile",0.025,1591800
"422","DE","00+",2025-02-13,2025-02-16,1,"quantile",0.1,1800100
"423","DE","00+",2025-02-13,2025-02-16,1,"quantile",0.25,2002000
"424","DE","00+",2025-02-13,2025-02-16,1,"quantile",0.5,2244400
"425","DE","00+",2025-02-13,2025-02-16,1,"quantile",0.75,2506300
"426","DE","00+",2025-02-13,2025-02-16,1,"quantile",0.9,2759500
"427","DE","00+",2025-02-13,2025-02-16,1,"quantile",0.975,3062500
"428","DE","00+",2025-02-13,2025-02-23,2,"quantile",0.025,1423200
"429","DE","00+",2025-02-13,2025-02-23,2,"quantile",0.1,1642100
"430","DE","00+",2025-02-13,2025-02-23,2,"quantile",0.25,1856900
"431","DE","00+",2025-02-13,2025-02-23,2,"quantile",0.5,2117700
"432","DE","00+",2025-02-13,2025-02-23,2,"quantile",0.75,2402500
"433","DE","00+",2025-02-13,2025-02-23,2,"quantile",0.9,2680300
"434","DE","00+",2025-02-13,2025-02-23,2,"quantile",0.975,3015600
"435","DE","00+",2025-02-13,2025-03-02,3,"quantile",0.025,1251800
"436","DE","00+",2025-02-13,2025-03-02,3,"quantile",0.1,1471300
"437","DE","00+",2025-02-13,2025-03-02,3,"quantile",0.25,1689200
"438","DE","00+",2025-02-13,2025-03-02,3,"quantile",0.5,1956300
"439","DE","00+",2025-02-13,2025-03-02,3,"quantile",0.75,2251000
"440","DE","00+",2025-02-13,2025-03-02,3,"quantile",0.9,2540800
"441","DE","00+",2025-02-13,2025-03-02,3,"quantile",0.975,2893100
"442","DE","00+",2025-02-13,2025-03-09,4,"quantile",0.025,1087600
"443","DE","00+",2025-02-13,2025-03-09,4,"quantile",0.1,1301600
"444","DE","00+",2025-02-13,2025-03-09,4,"quantile",0.25,1516400
"445","DE","00+",2025-02-13,2025-03-09,4,"quantile",0.5,1782400
"446","DE","00+",2025-02-13,2025-03-09,4,"quantile",0.75,2078500
"447","DE","00+",2025-02-13,2025-03-09,4,"quantile",0.9,2371900
"448","DE","00+",2025-02-13,2025-03-09,4,"quantile",0.975,2731200
"449","DE","00+",2025-02-20,2025-02-23,1,"quantile",0.025,1522800
"450","DE","00+",2025-02-20,2025-02-23,1,"quantile",0.1,1722800
"451","DE","00+",2025-02-20,2025-02-23,1,"quantile",0.25,1916900
"452","DE","00+",2025-02-20,2025-02-23,1,"quantile",0.5,2150200
"453","DE","00+",2025-02-20,2025-02-23,1,"quantile",0.75,2402600
"454","DE","00+",2025-02-20,2025-02-23,1,"quantile",0.9,2646900
"455","DE","00+",2025-02-20,2025-02-23,1,"quantile",0.975,2939600
"456","DE","00+",2025-02-20,2025-03-02,2,"quantile",0.025,1332700
"457","DE","00+",2025-02-20,2025-03-02,2,"quantile",0.1,1539000
"458","DE","00+",2025-02-20,2025-03-02,2,"quantile",0.25,1741800
"459","DE","00+",2025-02-20,2025-03-02,2,"quantile",0.5,1988200
"460","DE","00+",2025-02-20,2025-03-02,2,"quantile",0.75,2257700
"461","DE","00+",2025-02-20,2025-03-02,2,"quantile",0.9,2521000
"462","DE","00+",2025-02-20,2025-03-02,2,"quantile",0.975,2839300
"463","DE","00+",2025-02-20,2025-03-09,3,"quantile",0.025,1155000
"464","DE","00+",2025-02-20,2025-03-09,3,"quantile",0.1,1359400
"465","DE","00+",2025-02-20,2025-03-09,3,"quantile",0.25,1562800
"466","DE","00+",2025-02-20,2025-03-09,3,"quantile",0.5,1812500
"467","DE","00+",2025-02-20,2025-03-09,3,"quantile",0.75,2088300
"468","DE","00+",2025-02-20,2025-03-09,3,"quantile",0.9,2360000
"469","DE","00+",2025-02-20,2025-03-09,3,"quantile",0.975,2690900
"470","DE","00+",2025-02-20,2025-03-16,4,"quantile",0.025,995300
"471","DE","00+",2025-02-20,2025-03-16,4,"quantile",0.1,1193300
"472","DE","00+",2025-02-20,2025-03-16,4,"quantile",0.25,1392500
"473","DE","00+",2025-02-20,2025-03-16,4,"quantile",0.5,1639500
"474","DE","00+",2025-02-20,2025-03-16,4,"quantile",0.75,1915100
"475","DE","00+",2025-02-20,2025-03-16,4,"quantile",0.9,2188500
"476","DE","00+",2025-02-20,2025-03-16,4,"quantile",0.975,2524000
"477","DE","00+",2025-02-27,2025-03-02,1,"quantile",0.025,1445500
"478","DE","00+",2025-02-27,2025-03-02,1,"quantile",0.1,1636700
"479","DE","00+",2025-02-27,2025-03-02,1,"quantile",0.25,1822600
"480","DE","00+",2025-02-27,2025-03-02,1,"quantile",0.5,2046300
"481","DE","00+",2025-02-27,2025-03-02,1,"quantile",0.75,2288900
"482","DE","00+",2025-02-27,2025-03-02,1,"quantile",0.9,2524000
"483","DE","00+",2025-02-27,2025-03-02,1,"quantile",0.975,2806200
"484","DE","00+",2025-02-27,2025-03-09,2,"quantile",0.025,1246300
"485","DE","00+",2025-02-27,2025-03-09,2,"quantile",0.1,1440900
"486","DE","00+",2025-02-27,2025-03-09,2,"quantile",0.25,1632600
"487","DE","00+",2025-02-27,2025-03-09,2,"quantile",0.5,1865800
"488","DE","00+",2025-02-27,2025-03-09,2,"quantile",0.75,2121400
"489","DE","00+",2025-02-27,2025-03-09,2,"quantile",0.9,2371500
"490","DE","00+",2025-02-27,2025-03-09,2,"quantile",0.975,2674400
"491","DE","00+",2025-02-27,2025-03-16,3,"quantile",0.025,1070900
"492","DE","00+",2025-02-27,2025-03-16,3,"quantile",0.1,1262400
"493","DE","00+",2025-02-27,2025-03-16,3,"quantile",0.25,1453200
"494","DE","00+",2025-02-27,2025-03-16,3,"quantile",0.5,1688000
"495","DE","00+",2025-02-27,2025-03-16,3,"quantile",0.75,1947900
"496","DE","00+",2025-02-27,2025-03-16,3,"quantile",0.9,2204300
"497","DE","00+",2025-02-27,2025-03-16,3,"quantile",0.975,2517200
"498","DE","00+",2025-02-27,2025-03-23,4,"quantile",0.025,920700
"499","DE","00+",2025-02-27,2025-03-23,4,"quantile",0.1,1105800
"500","DE","00+",2025-02-27,2025-03-23,4,"quantile",0.25,1292400
"501","DE","00+",2025-02-27,2025-03-23,4,"quantile",0.5,1524200
"502","DE","00+",2025-02-27,2025-03-23,4,"quantile",0.75,1783200
"503","DE","00+",2025-02-27,2025-03-23,4,"quantile",0.9,2040700
"504","DE","00+",2025-02-27,2025-03-23,4,"quantile",0.975,2357300
"505","DE","00+",2025-03-06,2025-03-09,1,"quantile",0.025,1305300
"506","DE","00+",2025-03-06,2025-03-09,1,"quantile",0.1,1479900
"507","DE","00+",2025-03-06,2025-03-09,1,"quantile",0.25,1650100
"508","DE","00+",2025-03-06,2025-03-09,1,"quantile",0.5,1855500
"509","DE","00+",2025-03-06,2025-03-09,1,"quantile",0.75,2078800
"510","DE","00+",2025-03-06,2025-03-09,1,"quantile",0.9,2295700
"511","DE","00+",2025-03-06,2025-03-09,1,"quantile",0.975,2556600
"512","DE","00+",2025-03-06,2025-03-16,2,"quantile",0.025,1116400
"513","DE","00+",2025-03-06,2025-03-16,2,"quantile",0.1,1292600
"514","DE","00+",2025-03-06,2025-03-16,2,"quantile",0.25,1466500
"515","DE","00+",2025-03-06,2025-03-16,2,"quantile",0.5,1678600
"516","DE","00+",2025-03-06,2025-03-16,2,"quantile",0.75,1911800
"517","DE","00+",2025-03-06,2025-03-16,2,"quantile",0.9,2140400
"518","DE","00+",2025-03-06,2025-03-16,2,"quantile",0.975,2417800
"519","DE","00+",2025-03-06,2025-03-23,3,"quantile",0.025,957300
"520","DE","00+",2025-03-06,2025-03-23,3,"quantile",0.1,1130300
"521","DE","00+",2025-03-06,2025-03-23,3,"quantile",0.25,1302900
"522","DE","00+",2025-03-06,2025-03-23,3,"quantile",0.5,1515900
"523","DE","00+",2025-03-06,2025-03-23,3,"quantile",0.75,1752200
"524","DE","00+",2025-03-06,2025-03-23,3,"quantile",0.9,1985900
"525","DE","00+",2025-03-06,2025-03-23,3,"quantile",0.975,2271700
"526","DE","00+",2025-03-06,2025-03-30,4,"quantile",0.025,823200
"527","DE","00+",2025-03-06,2025-03-30,4,"quantile",0.1,990400
"528","DE","00+",2025-03-06,2025-03-30,4,"quantile",0.25,1159200
"529","DE","00+",2025-03-06,2025-03-30,4,"quantile",0.5,1369400
"530","DE","00+",2025-03-06,2025-03-30,4,"quantile",0.75,1604900
"531","DE","00+",2025-03-06,2025-03-30,4,"quantile",0.9,1839700
"532","DE","00+",2025-03-06,2025-03-30,4,"quantile",0.975,2128800
"533","DE","00+",2025-03-13,2025-03-16,1,"quantile",0.025,1090400
"534","DE","00+",2025-03-13,2025-03-16,1,"quantile",0.1,1238100
"535","DE","00+",2025-03-13,2025-03-16,1,"quantile",0.25,1382400
"536","DE","00+",2025-03-13,2025-03-16,1,"quantile",0.5,1556900
"537","DE","00+",2025-03-13,2025-03-16,1,"quantile",0.75,1747000
"538","DE","00+",2025-03-13,2025-03-16,1,"quantile",0.9,1932100
"539","DE","00+",2025-03-13,2025-03-16,1,"quantile",0.975,2154900
"540","DE","00+",2025-03-13,2025-03-23,2,"quantile",0.025,930700
"541","DE","00+",2025-03-13,2025-03-23,2,"quantile",0.1,1079000
"542","DE","00+",2025-03-13,2025-03-23,2,"quantile",0.25,1225800
"543","DE","00+",2025-03-13,2025-03-23,2,"quantile",0.5,1405300
"544","DE","00+",2025-03-13,2025-03-23,2,"quantile",0.75,1602900
"545","DE","00+",2025-03-13,2025-03-23,2,"quantile",0.9,1797100
"546","DE","00+",2025-03-13,2025-03-23,2,"quantile",0.975,2033100
"547","DE","00+",2025-03-13,2025-03-30,3,"quantile",0.025,797900
"548","DE","00+",2025-03-13,2025-03-30,3,"quantile",0.1,943400
"549","DE","00+",2025-03-13,2025-03-30,3,"quantile",0.25,1089100
"550","DE","00+",2025-03-13,2025-03-30,3,"quantile",0.5,1269000
"551","DE","00+",2025-03-13,2025-03-30,3,"quantile",0.75,1469200
"552","DE","00+",2025-03-13,2025-03-30,3,"quantile",0.9,1667600
"553","DE","00+",2025-03-13,2025-03-30,3,"quantile",0.975,1910700
"554","DE","00+",2025-03-13,2025-04-06,4,"quantile",0.025,687800
"555","DE","00+",2025-03-13,2025-04-06,4,"quantile",0.1,828800
"556","DE","00+",2025-03-13,2025-04-06,4,"quantile",0.25,971400
"557","DE","00+",2025-03-13,2025-04-06,4,"quantile",0.5,1149500
"558","DE","00+",2025-03-13,2025-04-06,4,"quantile",0.75,1349400
"559","DE","00+",2025-03-13,2025-04-06,4,"quantile",0.9,1549100
"560","DE","00+",2025-03-13,2025-04-06,4,"quantile",0.975,1795600
"561","DE","00+",2025-03-20,2025-03-23,1,"quantile",0.025,1015000
"562","DE","00+",2025-03-20,2025-03-23,1,"quantile",0.1,1152000
"563","DE","00+",2025-03-20,2025-03-23,1,"quantile",0.25,1285800
"564","DE","00+",2025-03-20,2025-03-23,1,"quantile",0.5,1447700
"565","DE","00+",2025-03-20,2025-03-23,1,"quantile",0.75,1623900
"566","DE","00+",2025-03-20,2025-03-23,1,"quantile",0.9,1795300
"567","DE","00+",2025-03-20,2025-03-23,1,"quantile",0.975,2001800
"568","DE","00+",2025-03-20,2025-03-30,2,"quantile",0.025,866800
"569","DE","00+",2025-03-20,2025-03-30,2,"quantile",0.1,1004700
"570","DE","00+",2025-03-20,2025-03-30,2,"quantile",0.25,1141200
"571","DE","00+",2025-03-20,2025-03-30,2,"quantile",0.5,1308100
"572","DE","00+",2025-03-20,2025-03-30,2,"quantile",0.75,1491800
"573","DE","00+",2025-03-20,2025-03-30,2,"quantile",0.9,1672300
"574","DE","00+",2025-03-20,2025-03-30,2,"quantile",0.975,1891700
"575","DE","00+",2025-03-20,2025-04-06,3,"quantile",0.025,745600
"576","DE","00+",2025-03-20,2025-04-06,3,"quantile",0.1,881600
"577","DE","00+",2025-03-20,2025-04-06,3,"quantile",0.25,1017700
"578","DE","00+",2025-03-20,2025-04-06,3,"quantile",0.5,1185800
"579","DE","00+",2025-03-20,2025-04-06,3,"quantile",0.75,1372900
"580","DE","00+",2025-03-20,2025-04-06,3,"quantile",0.9,1558200
"581","DE","00+",2025-03-20,2025-04-06,3,"quantile",0.975,1785400
"582","DE","00+",2025-03-20,2025-04-13,4,"quantile",0.025,646300
"583","DE","00+",2025-03-20,2025-04-13,4,"quantile",0.1,778800
"584","DE","00+",2025-03-20,2025-04-13,4,"quantile",0.25,912900
"585","DE","00+",2025-03-20,2025-04-13,4,"quantile",0.5,1080300
"586","DE","00+",2025-03-20,2025-04-13,4,"quantile",0.75,1268200
"587","DE","00+",2025-03-20,2025-04-13,4,"quantile",0.9,1456000
"588","DE","00+",2025-03-20,2025-04-13,4,"quantile",0.975,1687800
"589","DE","00+",2025-03-27,2025-03-30,1,"quantile",0.025,846600
"590","DE","00+",2025-03-27,2025-03-30,1,"quantile",0.1,961200
"591","DE","00+",2025-03-27,2025-03-30,1,"quantile",0.25,1073200
"592","DE","00+",2025-03-27,2025-03-30,1,"quantile",0.5,1208700
"593","DE","00+",2025-03-27,2025-03-30,1,"quantile",0.75,1356300
"594","DE","00+",2025-03-27,2025-03-30,1,"quantile",0.9,1500000
"595","DE","00+",2025-03-27,2025-03-30,1,"quantile",0.975,1673100
"596","DE","00+",2025-03-27,2025-04-06,2,"quantile",0.025,724200
"597","DE","00+",2025-03-27,2025-04-06,2,"quantile",0.1,839800
"598","DE","00+",2025-03-27,2025-04-06,2,"quantile",0.25,954300
"599","DE","00+",2025-03-27,2025-04-06,2,"quantile",0.5,1094300
"600","DE","00+",2025-03-27,2025-04-06,2,"quantile",0.75,1248600
"601","DE","00+",2025-03-27,2025-04-06,2,"quantile",0.9,1400300
"602","DE","00+",2025-03-27,2025-04-06,2,"quantile",0.975,1584700
"603","DE","00+",2025-03-27,2025-04-13,3,"quantile",0.025,625100
"604","DE","00+",2025-03-27,2025-04-13,3,"quantile",0.1,739500
"605","DE","00+",2025-03-27,2025-04-13,3,"quantile",0.25,854100
"606","DE","00+",2025-03-27,2025-04-13,3,"quantile",0.5,995800
"607","DE","00+",2025-03-27,2025-04-13,3,"quantile",0.75,1153500
"608","DE","00+",2025-03-27,2025-04-13,3,"quantile",0.9,1309900
"609","DE","00+",2025-03-27,2025-04-13,3,"quantile",0.975,1501700
"610","DE","00+",2025-03-27,2025-04-20,4,"quantile",0.025,545000
"611","DE","00+",2025-03-27,2025-04-20,4,"quantile",0.1,657100
"612","DE","00+",2025-03-27,2025-04-20,4,"quantile",0.25,770600
"613","DE","00+",2025-03-27,2025-04-20,4,"quantile",0.5,912500
"614","DE","00+",2025-03-27,2025-04-20,4,"quantile",0.75,1071900
"615","DE","00+",2025-03-27,2025-04-20,4,"quantile",0.9,1231300
"616","DE","00+",2025-03-27,2025-04-20,4,"quantile",0.975,1428100
