location,age_group,forecast_date,target_end_date,horizon,type,quantile,value
DE,00+,2024-10-17,2024-10-20,1,quantile,0.025,1062800
DE,00+,2024-10-17,2024-10-20,1,quantile,0.1,1199200
DE,00+,2024-10-17,2024-10-20,1,quantile,0.25,1331100
DE,00+,2024-10-17,2024-10-20,1,quantile,0.5,1488900
DE,00+,2024-10-17,2024-10-20,1,quantile,0.75,1659000
DE,00+,2024-10-17,2024-10-20,1,quantile,0.9,1822900
DE,00+,2024-10-17,2024-10-20,1,quantile,0.975,2018600
DE,00+,2024-10-17,2024-10-20,1,mean,NA,1502434.27038633
DE,00+,2024-10-17,2024-10-27,2,quantile,0.025,1028900
DE,00+,2024-10-17,2024-10-27,2,quantile,0.1,1191500
DE,00+,2024-10-17,2024-10-27,2,quantile,0.25,1351200
DE,00+,2024-10-17,2024-10-27,2,quantile,0.5,1545200
DE,00+,2024-10-17,2024-10-27,2,quantile,0.75,1757200
DE,00+,2024-10-17,2024-10-27,2,quantile,0.9,1964000
DE,00+,2024-10-17,2024-10-27,2,quantile,0.975,2213500
DE,00+,2024-10-17,2024-10-27,2,mean,NA,1565047.6140067
DE,00+,2024-10-17,2024-11-03,3,quantile,0.025,994500
DE,00+,2024-10-17,2024-11-03,3,quantile,0.1,1178800
DE,00+,2024-10-17,2024-11-03,3,quantile,0.25,1362700
DE,00+,2024-10-17,2024-11-03,3,quantile,0.5,1588900
DE,00+,2024-10-17,2024-11-03,3,quantile,0.75,1839200
DE,00+,2024-10-17,2024-11-03,3,quantile,0.9,2085800
DE,00+,2024-10-17,2024-11-03,3,quantile,0.975,2386300
DE,00+,2024-10-17,2024-11-03,3,mean,NA,1615360.76738207
DE,00+,2024-10-17,2024-11-10,4,quantile,0.025,957700
DE,00+,2024-10-17,2024-11-10,4,quantile,0.1,1160100
DE,00+,2024-10-17,2024-11-10,4,quantile,0.25,1364700
DE,00+,2024-10-17,2024-11-10,4,quantile,0.5,1619500
DE,00+,2024-10-17,2024-11-10,4,quantile,0.75,1904600
DE,00+,2024-10-17,2024-11-10,4,quantile,0.9,2188100
DE,00+,2024-10-17,2024-11-10,4,quantile,0.975,2536400
DE,00+,2024-10-17,2024-11-10,4,mean,NA,1652795.35835102
DE,00+,2024-10-24,2024-10-27,1,quantile,0.025,1089600
DE,00+,2024-10-24,2024-10-27,1,quantile,0.1,1229500
DE,00+,2024-10-24,2024-10-27,1,quantile,0.25,1364900
DE,00+,2024-10-24,2024-10-27,1,quantile,0.5,1526900
DE,00+,2024-10-24,2024-10-27,1,quantile,0.75,1701500
DE,00+,2024-10-24,2024-10-27,1,quantile,0.9,1869900
DE,00+,2024-10-24,2024-10-27,1,quantile,0.975,2070900
DE,00+,2024-10-24,2024-10-27,1,mean,NA,1540821.72675169
DE,00+,2024-10-24,2024-11-03,2,quantile,0.025,1045700
DE,00+,2024-10-24,2024-11-03,2,quantile,0.1,1210600
DE,00+,2024-10-24,2024-11-03,2,quantile,0.25,1372700
DE,00+,2024-10-24,2024-11-03,2,quantile,0.5,1569600
DE,00+,2024-10-24,2024-11-03,2,quantile,0.75,1784800
DE,00+,2024-10-24,2024-11-03,2,quantile,0.9,1994800
DE,00+,2024-10-24,2024-11-03,2,quantile,0.975,2248300
DE,00+,2024-10-24,2024-11-03,2,mean,NA,1589808.36502459
DE,00+,2024-10-24,2024-11-10,3,quantile,0.025,1002300
DE,00+,2024-10-24,2024-11-10,3,quantile,0.1,1187600
DE,00+,2024-10-24,2024-11-10,3,quantile,0.25,1372300
DE,00+,2024-10-24,2024-11-10,3,quantile,0.5,1599500
DE,00+,2024-10-24,2024-11-10,3,quantile,0.75,1850900
DE,00+,2024-10-24,2024-11-10,3,quantile,0.9,2098700
DE,00+,2024-10-24,2024-11-10,3,quantile,0.975,2400700
DE,00+,2024-10-24,2024-11-10,3,mean,NA,1626102.26804473
DE,00+,2024-10-24,2024-11-17,4,quantile,0.025,957900
DE,00+,2024-10-24,2024-11-17,4,quantile,0.1,1159300
DE,00+,2024-10-24,2024-11-17,4,quantile,0.25,1362800
DE,00+,2024-10-24,2024-11-17,4,quantile,0.5,1616200
DE,00+,2024-10-24,2024-11-17,4,quantile,0.75,1899600
DE,00+,2024-10-24,2024-11-17,4,quantile,0.9,2181500
DE,00+,2024-10-24,2024-11-17,4,quantile,0.975,2527700
DE,00+,2024-10-24,2024-11-17,4,mean,NA,1649215.17413515
DE,00+,2024-10-31,2024-11-03,1,quantile,0.025,1010700
DE,00+,2024-10-31,2024-11-03,1,quantile,0.1,1140800
DE,00+,2024-10-31,2024-11-03,1,quantile,0.25,1266700
DE,00+,2024-10-31,2024-11-03,1,quantile,0.5,1417500
DE,00+,2024-10-31,2024-11-03,1,quantile,0.75,1580200
DE,00+,2024-10-31,2024-11-03,1,quantile,0.9,1737100
DE,00+,2024-10-31,2024-11-03,1,quantile,0.975,1924500
DE,00+,2024-10-31,2024-11-03,1,mean,NA,1430596.86752221
DE,00+,2024-10-31,2024-11-10,2,quantile,0.025,960600
DE,00+,2024-10-31,2024-11-10,2,quantile,0.1,1112100
DE,00+,2024-10-31,2024-11-10,2,quantile,0.25,1261100
DE,00+,2024-10-31,2024-11-10,2,quantile,0.5,1442100
DE,00+,2024-10-31,2024-11-10,2,quantile,0.75,1640000
DE,00+,2024-10-31,2024-11-10,2,quantile,0.9,1833100
DE,00+,2024-10-31,2024-11-10,2,quantile,0.975,2066400
DE,00+,2024-10-31,2024-11-10,2,mean,NA,1460703.93833784
DE,00+,2024-10-31,2024-11-17,3,quantile,0.025,912400
DE,00+,2024-10-31,2024-11-17,3,quantile,0.1,1080600
DE,00+,2024-10-31,2024-11-17,3,quantile,0.25,1248400
DE,00+,2024-10-31,2024-11-17,3,quantile,0.5,1454800
DE,00+,2024-10-31,2024-11-17,3,quantile,0.75,1683200
DE,00+,2024-10-31,2024-11-17,3,quantile,0.9,1908300
DE,00+,2024-10-31,2024-11-17,3,quantile,0.975,2182800
DE,00+,2024-10-31,2024-11-17,3,mean,NA,1478976.90855815
DE,00+,2024-10-31,2024-11-24,4,quantile,0.025,862900
DE,00+,2024-10-31,2024-11-24,4,quantile,0.1,1043600
DE,00+,2024-10-31,2024-11-24,4,quantile,0.25,1226200
DE,00+,2024-10-31,2024-11-24,4,quantile,0.5,1453500
DE,00+,2024-10-31,2024-11-24,4,quantile,0.75,1707800
DE,00+,2024-10-31,2024-11-24,4,quantile,0.9,1960700
DE,00+,2024-10-31,2024-11-24,4,quantile,0.975,2271400
DE,00+,2024-10-31,2024-11-24,4,mean,NA,1483165.52897031
DE,00+,2024-11-07,2024-11-10,1,quantile,0.025,855100
DE,00+,2024-11-07,2024-11-10,1,quantile,0.1,966400
DE,00+,2024-11-07,2024-11-10,1,quantile,0.25,1074400
DE,00+,2024-11-07,2024-11-10,1,quantile,0.5,1203900
DE,00+,2024-11-07,2024-11-10,1,quantile,0.75,1343900
DE,00+,2024-11-07,2024-11-10,1,quantile,0.9,1479100
DE,00+,2024-11-07,2024-11-10,1,quantile,0.975,1641000
DE,00+,2024-11-07,2024-11-10,1,mean,NA,1215445.63399032
DE,00+,2024-11-07,2024-11-17,2,quantile,0.025,804300
DE,00+,2024-11-07,2024-11-17,2,quantile,0.1,932000
DE,00+,2024-11-07,2024-11-17,2,quantile,0.25,1057700
DE,00+,2024-11-07,2024-11-17,2,quantile,0.5,1210600
DE,00+,2024-11-07,2024-11-17,2,quantile,0.75,1378100
DE,00+,2024-11-07,2024-11-17,2,quantile,0.9,1541900
DE,00+,2024-11-07,2024-11-17,2,quantile,0.975,1739900
DE,00+,2024-11-07,2024-11-17,2,mean,NA,1226685.32047965
DE,00+,2024-11-07,2024-11-24,3,quantile,0.025,755200
DE,00+,2024-11-07,2024-11-24,3,quantile,0.1,894900
DE,00+,2024-11-07,2024-11-24,3,quantile,0.25,1034300
DE,00+,2024-11-07,2024-11-24,3,quantile,0.5,1206100
DE,00+,2024-11-07,2024-11-24,3,quantile,0.75,1396500
DE,00+,2024-11-07,2024-11-24,3,quantile,0.9,1584400
DE,00+,2024-11-07,2024-11-24,3,quantile,0.975,1813700
DE,00+,2024-11-07,2024-11-24,3,mean,NA,1226564.94994129
DE,00+,2024-11-07,2024-12-01,4,quantile,0.025,711500
DE,00+,2024-11-07,2024-12-01,4,quantile,0.1,860000
DE,00+,2024-11-07,2024-12-01,4,quantile,0.25,1010100
DE,00+,2024-11-07,2024-12-01,4,quantile,0.5,1197000
DE,00+,2024-11-07,2024-12-01,4,quantile,0.75,1406200
DE,00+,2024-11-07,2024-12-01,4,quantile,0.9,1614500
DE,00+,2024-11-07,2024-12-01,4,quantile,0.975,1870700
DE,00+,2024-11-07,2024-12-01,4,mean,NA,1221551.14800235
DE,00+,2024-11-14,2024-11-17,1,quantile,0.025,939800
DE,00+,2024-11-14,2024-11-17,1,quantile,0.1,1061600
DE,00+,2024-11-14,2024-11-17,1,quantile,0.25,1179600
DE,00+,2024-11-14,2024-11-17,1,quantile,0.5,1321100
DE,00+,2024-11-14,2024-11-17,1,quantile,0.75,1473900
DE,00+,2024-11-14,2024-11-17,1,quantile,0.9,1621400
DE,00+,2024-11-14,2024-11-17,1,quantile,0.975,1797800
DE,00+,2024-11-14,2024-11-17,1,mean,NA,1333560.14106172
DE,00+,2024-11-14,2024-11-24,2,quantile,0.025,877400
DE,00+,2024-11-14,2024-11-24,2,quantile,0.1,1015900
DE,00+,2024-11-14,2024-11-24,2,quantile,0.25,1152200
DE,00+,2024-11-14,2024-11-24,2,quantile,0.5,1317900
DE,00+,2024-11-14,2024-11-24,2,quantile,0.75,1499200
DE,00+,2024-11-14,2024-11-24,2,quantile,0.9,1676300
DE,00+,2024-11-14,2024-11-24,2,quantile,0.975,1890200
DE,00+,2024-11-14,2024-11-24,2,mean,NA,1335105.09767563
DE,00+,2024-11-14,2024-12-01,3,quantile,0.025,822500
DE,00+,2024-11-14,2024-12-01,3,quantile,0.1,973300
DE,00+,2024-11-14,2024-12-01,3,quantile,0.25,1123700
DE,00+,2024-11-14,2024-12-01,3,quantile,0.5,1308700
DE,00+,2024-11-14,2024-12-01,3,quantile,0.75,1513400
DE,00+,2024-11-14,2024-12-01,3,quantile,0.9,1715300
DE,00+,2024-11-14,2024-12-01,3,quantile,0.975,1961500
DE,00+,2024-11-14,2024-12-01,3,mean,NA,1330425.83868497
DE,00+,2024-11-14,2024-12-08,4,quantile,0.025,777500
DE,00+,2024-11-14,2024-12-08,4,quantile,0.1,937400
DE,00+,2024-11-14,2024-12-08,4,quantile,0.25,1098600
DE,00+,2024-11-14,2024-12-08,4,quantile,0.5,1299100
DE,00+,2024-11-14,2024-12-08,4,quantile,0.75,1523100
DE,00+,2024-11-14,2024-12-08,4,quantile,0.9,1745700
DE,00+,2024-11-14,2024-12-08,4,quantile,0.975,2019100
DE,00+,2024-11-14,2024-12-08,4,mean,NA,1324979.75629527
DE,00+,2024-11-21,2024-11-24,1,quantile,0.025,932200
DE,00+,2024-11-21,2024-11-24,1,quantile,0.1,1052900
DE,00+,2024-11-21,2024-11-24,1,quantile,0.25,1169800
DE,00+,2024-11-21,2024-11-24,1,quantile,0.5,1309900
DE,00+,2024-11-21,2024-11-24,1,quantile,0.75,1461100
DE,00+,2024-11-21,2024-11-24,1,quantile,0.9,1607200
DE,00+,2024-11-21,2024-11-24,1,quantile,0.975,1781800
DE,00+,2024-11-21,2024-11-24,1,mean,NA,1322195.59714414
DE,00+,2024-11-21,2024-12-01,2,quantile,0.025,867600
DE,00+,2024-11-21,2024-12-01,2,quantile,0.1,1003800
DE,00+,2024-11-21,2024-12-01,2,quantile,0.25,1137700
DE,00+,2024-11-21,2024-12-01,2,quantile,0.5,1300500
DE,00+,2024-11-21,2024-12-01,2,quantile,0.75,1478500
DE,00+,2024-11-21,2024-12-01,2,quantile,0.9,1652300
DE,00+,2024-11-21,2024-12-01,2,quantile,0.975,1862300
DE,00+,2024-11-21,2024-12-01,2,mean,NA,1317327.537666
DE,00+,2024-11-21,2024-12-08,3,quantile,0.025,815400
DE,00+,2024-11-21,2024-12-08,3,quantile,0.1,963100
DE,00+,2024-11-21,2024-12-08,3,quantile,0.25,1110100
DE,00+,2024-11-21,2024-12-08,3,quantile,0.5,1290900
DE,00+,2024-11-21,2024-12-08,3,quantile,0.75,1490800
DE,00+,2024-11-21,2024-12-08,3,quantile,0.9,1687700
DE,00+,2024-11-21,2024-12-08,3,quantile,0.975,1927600
DE,00+,2024-11-21,2024-12-08,3,mean,NA,1311937.81165383
DE,00+,2024-11-21,2024-12-15,4,quantile,0.025,782000
DE,00+,2024-11-21,2024-12-15,4,quantile,0.1,938900
DE,00+,2024-11-21,2024-12-15,4,quantile,0.25,1096700
DE,00+,2024-11-21,2024-12-15,4,quantile,0.5,1292500
DE,00+,2024-11-21,2024-12-15,4,quantile,0.75,1510700
DE,00+,2024-11-21,2024-12-15,4,quantile,0.9,1727200
DE,00+,2024-11-21,2024-12-15,4,quantile,0.975,1992700
DE,00+,2024-11-21,2024-12-15,4,mean,NA,1317231.57872682
DE,00+,2024-11-28,2024-12-01,1,quantile,0.025,939500
DE,00+,2024-11-28,2024-12-01,1,quantile,0.1,1060600
DE,00+,2024-11-28,2024-12-01,1,quantile,0.25,1177700
DE,00+,2024-11-28,2024-12-01,1,quantile,0.5,1318000
DE,00+,2024-11-28,2024-12-01,1,quantile,0.75,1469400
DE,00+,2024-11-28,2024-12-01,1,quantile,0.9,1615400
DE,00+,2024-11-28,2024-12-01,1,quantile,0.975,1789900
DE,00+,2024-11-28,2024-12-01,1,mean,NA,1330231.33545391
DE,00+,2024-11-28,2024-12-08,2,quantile,0.025,875700
DE,00+,2024-11-28,2024-12-08,2,quantile,0.1,1011900
DE,00+,2024-11-28,2024-12-08,2,quantile,0.25,1145700
DE,00+,2024-11-28,2024-12-08,2,quantile,0.5,1308000
DE,00+,2024-11-28,2024-12-08,2,quantile,0.75,1485400
DE,00+,2024-11-28,2024-12-08,2,quantile,0.9,1658400
DE,00+,2024-11-28,2024-12-08,2,quantile,0.975,1867200
DE,00+,2024-11-28,2024-12-08,2,mean,NA,1324595.4974777
DE,00+,2024-11-28,2024-12-15,3,quantile,0.025,833400
DE,00+,2024-11-28,2024-12-15,3,quantile,0.1,981400
DE,00+,2024-11-28,2024-12-15,3,quantile,0.25,1128600
DE,00+,2024-11-28,2024-12-15,3,quantile,0.5,1309000
DE,00+,2024-11-28,2024-12-15,3,quantile,0.75,1508200
DE,00+,2024-11-28,2024-12-15,3,quantile,0.9,1704000
DE,00+,2024-11-28,2024-12-15,3,quantile,0.975,1942100
DE,00+,2024-11-28,2024-12-15,3,mean,NA,1329576.06855591
DE,00+,2024-11-28,2024-12-22,4,quantile,0.025,817500
DE,00+,2024-11-28,2024-12-22,4,quantile,0.1,976100
DE,00+,2024-11-28,2024-12-22,4,quantile,0.25,1135000
DE,00+,2024-11-28,2024-12-22,4,quantile,0.5,1331400
DE,00+,2024-11-28,2024-12-22,4,quantile,0.75,1549700
DE,00+,2024-11-28,2024-12-22,4,quantile,0.9,1765600
DE,00+,2024-11-28,2024-12-22,4,quantile,0.975,2029600
DE,00+,2024-11-28,2024-12-22,4,mean,NA,1355439.72663738
DE,00+,2024-12-05,2024-12-08,1,quantile,0.025,908200
DE,00+,2024-12-05,2024-12-08,1,quantile,0.1,1024800
DE,00+,2024-12-05,2024-12-08,1,quantile,0.25,1137500
DE,00+,2024-12-05,2024-12-08,1,quantile,0.5,1272500
DE,00+,2024-12-05,2024-12-08,1,quantile,0.75,1418000
DE,00+,2024-12-05,2024-12-08,1,quantile,0.9,1558400
DE,00+,2024-12-05,2024-12-08,1,quantile,0.975,1725900
DE,00+,2024-12-05,2024-12-08,1,mean,NA,1284149.37550647
DE,00+,2024-12-05,2024-12-15,2,quantile,0.025,856600
DE,00+,2024-12-05,2024-12-15,2,quantile,0.1,988200
DE,00+,2024-12-05,2024-12-15,2,quantile,0.25,1117400
DE,00+,2024-12-05,2024-12-15,2,quantile,0.5,1273900
DE,00+,2024-12-05,2024-12-15,2,quantile,0.75,1444700
DE,00+,2024-12-05,2024-12-15,2,quantile,0.9,1611100
DE,00+,2024-12-05,2024-12-15,2,quantile,0.975,1811700
DE,00+,2024-12-05,2024-12-15,2,mean,NA,1289641.79450511
DE,00+,2024-12-05,2024-12-22,3,quantile,0.025,834100
DE,00+,2024-12-05,2024-12-22,3,quantile,0.1,978600
DE,00+,2024-12-05,2024-12-22,3,quantile,0.25,1121800
DE,00+,2024-12-05,2024-12-22,3,quantile,0.5,1297000
DE,00+,2024-12-05,2024-12-22,3,quantile,0.75,1489800
DE,00+,2024-12-05,2024-12-22,3,quantile,0.9,1679100
DE,00+,2024-12-05,2024-12-22,3,quantile,0.975,1908800
DE,00+,2024-12-05,2024-12-22,3,mean,NA,1316406.28971049
DE,00+,2024-12-05,2024-12-29,4,quantile,0.025,484500
DE,00+,2024-12-05,2024-12-29,4,quantile,0.1,568600
DE,00+,2024-12-05,2024-12-29,4,quantile,0.25,651900
DE,00+,2024-12-05,2024-12-29,4,quantile,0.5,753900
DE,00+,2024-12-05,2024-12-29,4,quantile,0.75,866200
DE,00+,2024-12-05,2024-12-29,4,quantile,0.9,976300
DE,00+,2024-12-05,2024-12-29,4,quantile,0.975,1110000
DE,00+,2024-12-05,2024-12-29,4,mean,NA,765246.917507913
DE,00+,2024-12-12,2024-12-15,1,quantile,0.025,930400
DE,00+,2024-12-12,2024-12-15,1,quantile,0.1,1049500
DE,00+,2024-12-12,2024-12-15,1,quantile,0.25,1164700
DE,00+,2024-12-12,2024-12-15,1,quantile,0.5,1302600
DE,00+,2024-12-12,2024-12-15,1,quantile,0.75,1451100
DE,00+,2024-12-12,2024-12-15,1,quantile,0.9,1594300
DE,00+,2024-12-12,2024-12-15,1,quantile,0.975,1765300
DE,00+,2024-12-12,2024-12-15,1,mean,NA,1314389.08952898
DE,00+,2024-12-12,2024-12-22,2,quantile,0.025,894300
DE,00+,2024-12-12,2024-12-22,2,quantile,0.1,1030100
DE,00+,2024-12-12,2024-12-22,2,quantile,0.25,1163200
DE,00+,2024-12-12,2024-12-22,2,quantile,0.5,1324300
DE,00+,2024-12-12,2024-12-22,2,quantile,0.75,1499900
DE,00+,2024-12-12,2024-12-22,2,quantile,0.9,1670800
DE,00+,2024-12-12,2024-12-22,2,quantile,0.975,1876600
DE,00+,2024-12-12,2024-12-22,2,mean,NA,1340259.60527695
DE,00+,2024-12-12,2024-12-29,3,quantile,0.025,507800
DE,00+,2024-12-12,2024-12-29,3,quantile,0.1,589200
DE,00+,2024-12-12,2024-12-29,3,quantile,0.25,669100
DE,00+,2024-12-12,2024-12-29,3,quantile,0.5,766300
DE,00+,2024-12-12,2024-12-29,3,quantile,0.75,872600
DE,00+,2024-12-12,2024-12-29,3,quantile,0.9,976400
DE,00+,2024-12-12,2024-12-29,3,quantile,0.975,1101700
DE,00+,2024-12-12,2024-12-29,3,mean,NA,776388.899096539
DE,00+,2024-12-12,2025-01-05,4,quantile,0.025,465000
DE,00+,2024-12-12,2025-01-05,4,quantile,0.1,535600
DE,00+,2024-12-12,2025-01-05,4,quantile,0.25,604700
DE,00+,2024-12-12,2025-01-05,4,quantile,0.5,688200
DE,00+,2024-12-12,2025-01-05,4,quantile,0.75,779300
DE,00+,2024-12-12,2025-01-05,4,quantile,0.9,867800
DE,00+,2024-12-12,2025-01-05,4,quantile,0.975,974300
DE,00+,2024-12-12,2025-01-05,4,mean,NA,696472.815976615
DE,00+,2024-12-19,2024-12-22,1,quantile,0.025,988900
DE,00+,2024-12-19,2024-12-22,1,quantile,0.1,1115000
DE,00+,2024-12-19,2024-12-22,1,quantile,0.25,1236900
DE,00+,2024-12-19,2024-12-22,1,quantile,0.5,1382700
DE,00+,2024-12-19,2024-12-22,1,quantile,0.75,1539800
DE,00+,2024-12-19,2024-12-22,1,quantile,0.9,1691000
DE,00+,2024-12-19,2024-12-22,1,quantile,0.975,1871400
DE,00+,2024-12-19,2024-12-22,1,mean,NA,1395135.98197744
DE,00+,2024-12-19,2024-12-29,2,quantile,0.025,544200
DE,00+,2024-12-19,2024-12-29,2,quantile,0.1,623100
DE,00+,2024-12-19,2024-12-29,2,quantile,0.25,700100
DE,00+,2024-12-19,2024-12-29,2,quantile,0.5,793000
DE,00+,2024-12-19,2024-12-29,2,quantile,0.75,893800
DE,00+,2024-12-19,2024-12-29,2,quantile,0.9,991600
DE,00+,2024-12-19,2024-12-29,2,quantile,0.975,1109000
DE,00+,2024-12-19,2024-12-29,2,mean,NA,801778.482573666
DE,00+,2024-12-19,2025-01-05,3,quantile,0.025,485400
DE,00+,2024-12-19,2025-01-05,3,quantile,0.1,555200
DE,00+,2024-12-19,2025-01-05,3,quantile,0.25,623300
DE,00+,2024-12-19,2025-01-05,3,quantile,0.5,705300
DE,00+,2024-12-19,2025-01-05,3,quantile,0.75,794300
DE,00+,2024-12-19,2025-01-05,3,quantile,0.9,880500
DE,00+,2024-12-19,2025-01-05,3,quantile,0.975,983900
DE,00+,2024-12-19,2025-01-05,3,mean,NA,712997.377768425
DE,00+,2024-12-19,2025-01-12,4,quantile,0.025,732400
DE,00+,2024-12-19,2025-01-12,4,quantile,0.1,841700
DE,00+,2024-12-19,2025-01-12,4,quantile,0.25,948500
DE,00+,2024-12-19,2025-01-12,4,quantile,0.5,1077600
DE,00+,2024-12-19,2025-01-12,4,quantile,0.75,1217900
DE,00+,2024-12-19,2025-01-12,4,quantile,0.9,1354200
DE,00+,2024-12-19,2025-01-12,4,quantile,0.975,1517900
DE,00+,2024-12-19,2025-01-12,4,mean,NA,1090000.35993726
DE,00+,2024-12-26,2024-12-29,1,quantile,0.025,269100
DE,00+,2024-12-26,2024-12-29,1,quantile,0.1,319300
DE,00+,2024-12-26,2024-12-29,1,quantile,0.25,369900
DE,00+,2024-12-26,2024-12-29,1,quantile,0.5,434300
DE,00+,2024-12-26,2024-12-29,1,quantile,0.75,510400
DE,00+,2024-12-26,2024-12-29,1,quantile,0.9,591100
DE,00+,2024-12-26,2024-12-29,1,quantile,0.975,694300
DE,00+,2024-12-26,2024-12-29,1,mean,NA,446811.807906016
DE,00+,2024-12-26,2025-01-05,2,quantile,0.025,265100
DE,00+,2024-12-26,2025-01-05,2,quantile,0.1,324300
DE,00+,2024-12-26,2025-01-05,2,quantile,0.25,381600
DE,00+,2024-12-26,2025-01-05,2,quantile,0.5,451600
DE,00+,2024-12-26,2025-01-05,2,quantile,0.75,531400
DE,00+,2024-12-26,2025-01-05,2,quantile,0.9,615200
DE,00+,2024-12-26,2025-01-05,2,quantile,0.975,727700
DE,00+,2024-12-26,2025-01-05,2,mean,NA,462990.396945273
DE,00+,2024-12-26,2025-01-12,3,quantile,0.025,261600
DE,00+,2024-12-26,2025-01-12,3,quantile,0.1,352900
DE,00+,2024-12-26,2025-01-12,3,quantile,0.25,460700
DE,00+,2024-12-26,2025-01-12,3,quantile,0.5,603600
DE,00+,2024-12-26,2025-01-12,3,quantile,0.75,746800
DE,00+,2024-12-26,2025-01-12,3,quantile,0.9,874300
DE,00+,2024-12-26,2025-01-12,3,quantile,0.975,1021400
DE,00+,2024-12-26,2025-01-12,3,mean,NA,610702.285722859
DE,00+,2024-12-26,2025-01-19,4,quantile,0.025,237500
DE,00+,2024-12-26,2025-01-19,4,quantile,0.1,335400
DE,00+,2024-12-26,2025-01-19,4,quantile,0.25,463900
DE,00+,2024-12-26,2025-01-19,4,quantile,0.5,708000
DE,00+,2024-12-26,2025-01-19,4,quantile,0.75,956200
DE,00+,2024-12-26,2025-01-19,4,quantile,0.9,1145300
DE,00+,2024-12-26,2025-01-19,4,quantile,0.975,1354100
DE,00+,2024-12-26,2025-01-19,4,mean,NA,726106.161397497
DE,00+,2025-01-02,2025-01-05,1,quantile,0.025,100000
DE,00+,2025-01-02,2025-01-05,1,quantile,0.1,125600
DE,00+,2025-01-02,2025-01-05,1,quantile,0.25,156600
DE,00+,2025-01-02,2025-01-05,1,quantile,0.5,210600
DE,00+,2025-01-02,2025-01-05,1,quantile,0.75,277800
DE,00+,2025-01-02,2025-01-05,1,quantile,0.9,331900
DE,00+,2025-01-02,2025-01-05,1,quantile,0.975,392400
DE,00+,2025-01-02,2025-01-05,1,mean,NA,221414.152874599
DE,00+,2025-01-02,2025-01-12,2,quantile,0.025,89400
DE,00+,2025-01-02,2025-01-12,2,quantile,0.1,117800
DE,00+,2025-01-02,2025-01-12,2,quantile,0.25,154000
DE,00+,2025-01-02,2025-01-12,2,quantile,0.5,524800
DE,00+,2025-01-02,2025-01-12,2,quantile,0.75,960200
DE,00+,2025-01-02,2025-01-12,2,quantile,0.9,1154700
DE,00+,2025-01-02,2025-01-12,2,quantile,0.975,1367900
DE,00+,2025-01-02,2025-01-12,2,mean,NA,570460.620231724
DE,00+,2025-01-02,2025-01-19,3,quantile,0.025,77700
DE,00+,2025-01-02,2025-01-19,3,quantile,0.1,107400
DE,00+,2025-01-02,2025-01-19,3,quantile,0.25,146500
DE,00+,2025-01-02,2025-01-19,3,quantile,0.5,427600
DE,00+,2025-01-02,2025-01-19,3,quantile,0.75,902600
DE,00+,2025-01-02,2025-01-19,3,quantile,0.9,1126100
DE,00+,2025-01-02,2025-01-19,3,quantile,0.975,1376200
DE,00+,2025-01-02,2025-01-19,3,mean,NA,541121.624566894
DE,00+,2025-01-02,2025-01-26,4,quantile,0.025,66600
DE,00+,2025-01-02,2025-01-26,4,quantile,0.1,96700
DE,00+,2025-01-02,2025-01-26,4,quantile,0.25,137700
DE,00+,2025-01-02,2025-01-26,4,quantile,0.5,341000
DE,00+,2025-01-02,2025-01-26,4,quantile,0.75,805300
DE,00+,2025-01-02,2025-01-26,4,quantile,0.9,1046200
DE,00+,2025-01-02,2025-01-26,4,quantile,0.975,1322300
DE,00+,2025-01-02,2025-01-26,4,mean,NA,491160.287479624
DE,00+,2025-01-09,2025-01-12,1,quantile,0.025,861100
DE,00+,2025-01-09,2025-01-12,1,quantile,0.1,972900
DE,00+,2025-01-09,2025-01-12,1,quantile,0.25,1081000
DE,00+,2025-01-09,2025-01-12,1,quantile,0.5,1210400
DE,00+,2025-01-09,2025-01-12,1,quantile,0.75,1349900
DE,00+,2025-01-09,2025-01-12,1,quantile,0.9,1484300
DE,00+,2025-01-09,2025-01-12,1,quantile,0.975,1644800
DE,00+,2025-01-09,2025-01-12,1,mean,NA,1221546.56005219
DE,00+,2025-01-09,2025-01-19,2,quantile,0.025,971100
DE,00+,2025-01-09,2025-01-19,2,quantile,0.1,1113000
DE,00+,2025-01-09,2025-01-19,2,quantile,0.25,1251400
DE,00+,2025-01-09,2025-01-19,2,quantile,0.5,1418400
DE,00+,2025-01-09,2025-01-19,2,quantile,0.75,1599800
DE,00+,2025-01-09,2025-01-19,2,quantile,0.9,1775600
DE,00+,2025-01-09,2025-01-19,2,quantile,0.975,1986700
DE,00+,2025-01-09,2025-01-19,2,mean,NA,1434211.67136419
DE,00+,2025-01-09,2025-01-26,3,quantile,0.025,1075300
DE,00+,2025-01-09,2025-01-26,3,quantile,0.1,1244100
DE,00+,2025-01-09,2025-01-26,3,quantile,0.25,1409800
DE,00+,2025-01-09,2025-01-26,3,quantile,0.5,1610700
DE,00+,2025-01-09,2025-01-26,3,quantile,0.75,1829900
DE,00+,2025-01-09,2025-01-26,3,quantile,0.9,2043400
DE,00+,2025-01-09,2025-01-26,3,quantile,0.975,2300600
DE,00+,2025-01-09,2025-01-26,3,mean,NA,1630838.43920863
DE,00+,2025-01-09,2025-02-02,4,quantile,0.025,1145800
DE,00+,2025-01-09,2025-02-02,4,quantile,0.1,1336400
DE,00+,2025-01-09,2025-02-02,4,quantile,0.25,1524300
DE,00+,2025-01-09,2025-02-02,4,quantile,0.5,1753200
DE,00+,2025-01-09,2025-02-02,4,quantile,0.75,2004100
DE,00+,2025-01-09,2025-02-02,4,quantile,0.9,2249200
DE,00+,2025-01-09,2025-02-02,4,quantile,0.975,2545600
DE,00+,2025-01-09,2025-02-02,4,mean,NA,1777368.97984731
DE,00+,2025-01-16,2025-01-19,1,quantile,0.025,1179600
DE,00+,2025-01-16,2025-01-19,1,quantile,0.1,1333100
DE,00+,2025-01-16,2025-01-19,1,quantile,0.25,1481500
DE,00+,2025-01-16,2025-01-19,1,quantile,0.5,1659000
DE,00+,2025-01-16,2025-01-19,1,quantile,0.75,1850300
DE,00+,2025-01-16,2025-01-19,1,quantile,0.9,2034600
DE,00+,2025-01-16,2025-01-19,1,quantile,0.975,2254400
DE,00+,2025-01-16,2025-01-19,1,mean,NA,1674156.61314682
DE,00+,2025-01-16,2025-01-26,2,quantile,0.025,1261400
DE,00+,2025-01-16,2025-01-26,2,quantile,0.1,1448400
DE,00+,2025-01-16,2025-01-26,2,quantile,0.25,1631000
DE,00+,2025-01-16,2025-01-26,2,quantile,0.5,1851500
DE,00+,2025-01-16,2025-01-26,2,quantile,0.75,2091100
DE,00+,2025-01-16,2025-01-26,2,quantile,0.9,2323600
DE,00+,2025-01-16,2025-01-26,2,quantile,0.975,2602900
DE,00+,2025-01-16,2025-01-26,2,mean,NA,1872527.96537177
DE,00+,2025-01-16,2025-02-02,3,quantile,0.025,1305000
DE,00+,2025-01-16,2025-02-02,3,quantile,0.1,1516700
DE,00+,2025-01-16,2025-02-02,3,quantile,0.25,1725100
DE,00+,2025-01-16,2025-02-02,3,quantile,0.5,1978400
DE,00+,2025-01-16,2025-02-02,3,quantile,0.75,2255400
DE,00+,2025-01-16,2025-02-02,3,quantile,0.9,2525700
DE,00+,2025-01-16,2025-02-02,3,quantile,0.975,2852000
DE,00+,2025-01-16,2025-02-02,3,mean,NA,2004494.40656052
DE,00+,2025-01-16,2025-02-09,4,quantile,0.025,1294900
DE,00+,2025-01-16,2025-02-09,4,quantile,0.1,1522000
DE,00+,2025-01-16,2025-02-09,4,quantile,0.25,1747100
DE,00+,2025-01-16,2025-02-09,4,quantile,0.5,2022400
DE,00+,2025-01-16,2025-02-09,4,quantile,0.75,2325400
DE,00+,2025-01-16,2025-02-09,4,quantile,0.9,2622500
DE,00+,2025-01-16,2025-02-09,4,quantile,0.975,2982800
DE,00+,2025-01-16,2025-02-09,4,mean,NA,2052794.97185663
DE,00+,2025-01-23,2025-01-26,1,quantile,0.025,1248000
DE,00+,2025-01-23,2025-01-26,1,quantile,0.1,1409700
DE,00+,2025-01-23,2025-01-26,1,quantile,0.25,1566100
DE,00+,2025-01-23,2025-01-26,1,quantile,0.5,1753100
DE,00+,2025-01-23,2025-01-26,1,quantile,0.75,1954600
DE,00+,2025-01-23,2025-01-26,1,quantile,0.9,2148700
DE,00+,2025-01-23,2025-01-26,1,quantile,0.975,2380200
DE,00+,2025-01-23,2025-01-26,1,mean,NA,1769047.3184358
DE,00+,2025-01-23,2025-02-02,2,quantile,0.025,1285100
DE,00+,2025-01-23,2025-02-02,2,quantile,0.1,1476000
DE,00+,2025-01-23,2025-02-02,2,quantile,0.25,1662500
DE,00+,2025-01-23,2025-02-02,2,quantile,0.5,1887800
DE,00+,2025-01-23,2025-02-02,2,quantile,0.75,2132600
DE,00+,2025-01-23,2025-02-02,2,quantile,0.9,2370200
DE,00+,2025-01-23,2025-02-02,2,quantile,0.975,2655600
DE,00+,2025-01-23,2025-02-02,2,mean,NA,1909324.6878837
DE,00+,2025-01-23,2025-02-09,3,quantile,0.025,1274200
DE,00+,2025-01-23,2025-02-09,3,quantile,0.1,1483300
DE,00+,2025-01-23,2025-02-09,3,quantile,0.25,1689400
DE,00+,2025-01-23,2025-02-09,3,quantile,0.5,1940200
DE,00+,2025-01-23,2025-02-09,3,quantile,0.75,2214800
DE,00+,2025-01-23,2025-02-09,3,quantile,0.9,2482900
DE,00+,2025-01-23,2025-02-09,3,quantile,0.975,2806700
DE,00+,2025-01-23,2025-02-09,3,mean,NA,1966365.65138096
DE,00+,2025-01-23,2025-02-16,4,quantile,0.025,1209600
DE,00+,2025-01-23,2025-02-16,4,quantile,0.1,1426900
DE,00+,2025-01-23,2025-02-16,4,quantile,0.25,1642700
DE,00+,2025-01-23,2025-02-16,4,quantile,0.5,1907300
DE,00+,2025-01-23,2025-02-16,4,quantile,0.75,2199100
DE,00+,2025-01-23,2025-02-16,4,quantile,0.9,2485600
DE,00+,2025-01-23,2025-02-16,4,quantile,0.975,2833600
DE,00+,2025-01-23,2025-02-16,4,mean,NA,1937153.10417123
DE,00+,2025-01-30,2025-02-02,1,quantile,0.025,1455200
DE,00+,2025-01-30,2025-02-02,1,quantile,0.1,1644600
DE,00+,2025-01-30,2025-02-02,1,quantile,0.25,1827900
DE,00+,2025-01-30,2025-02-02,1,quantile,0.5,2047700
DE,00+,2025-01-30,2025-02-02,1,quantile,0.75,2284900
DE,00+,2025-01-30,2025-02-02,1,quantile,0.9,2513900
DE,00+,2025-01-30,2025-02-02,1,quantile,0.975,2787600
DE,00+,2025-01-30,2025-02-02,1,mean,NA,2066919.82236102
DE,00+,2025-01-30,2025-02-09,2,quantile,0.025,1412900
DE,00+,2025-01-30,2025-02-09,2,quantile,0.1,1625500
DE,00+,2025-01-30,2025-02-09,2,quantile,0.25,1833600
DE,00+,2025-01-30,2025-02-09,2,quantile,0.5,2085500
DE,00+,2025-01-30,2025-02-09,2,quantile,0.75,2360000
DE,00+,2025-01-30,2025-02-09,2,quantile,0.9,2627100
DE,00+,2025-01-30,2025-02-09,2,quantile,0.975,2948700
DE,00+,2025-01-30,2025-02-09,2,mean,NA,2110386.32549282
DE,00+,2025-01-30,2025-02-16,3,quantile,0.025,1323300
DE,00+,2025-01-30,2025-02-16,3,quantile,0.1,1546500
DE,00+,2025-01-30,2025-02-16,3,quantile,0.25,1767200
DE,00+,2025-01-30,2025-02-16,3,quantile,0.5,2036700
DE,00+,2025-01-30,2025-02-16,3,quantile,0.75,2332600
DE,00+,2025-01-30,2025-02-16,3,quantile,0.9,2622600
DE,00+,2025-01-30,2025-02-16,3,quantile,0.975,2973900
DE,00+,2025-01-30,2025-02-16,3,mean,NA,2065857.80738978
DE,00+,2025-01-30,2025-02-23,4,quantile,0.025,1199100
DE,00+,2025-01-30,2025-02-23,4,quantile,0.1,1423400
DE,00+,2025-01-30,2025-02-23,4,quantile,0.25,1647400
DE,00+,2025-01-30,2025-02-23,4,quantile,0.5,1923200
DE,00+,2025-01-30,2025-02-23,4,quantile,0.75,2228600
DE,00+,2025-01-30,2025-02-23,4,quantile,0.9,2529800
DE,00+,2025-01-30,2025-02-23,4,quantile,0.975,2897100
DE,00+,2025-01-30,2025-02-23,4,mean,NA,1955776.09423233
DE,00+,2025-02-06,2025-02-09,1,quantile,0.025,1613300
DE,00+,2025-02-06,2025-02-09,1,quantile,0.1,1824000
DE,00+,2025-02-06,2025-02-09,1,quantile,0.25,2028200
DE,00+,2025-02-06,2025-02-09,1,quantile,0.5,2273100
DE,00+,2025-02-06,2025-02-09,1,quantile,0.75,2537700
DE,00+,2025-02-06,2025-02-09,1,quantile,0.9,2793300
DE,00+,2025-02-06,2025-02-09,1,quantile,0.975,3099000
DE,00+,2025-02-06,2025-02-09,1,mean,NA,2294776.04217057
DE,00+,2025-02-06,2025-02-16,2,quantile,0.025,1490900
DE,00+,2025-02-06,2025-02-16,2,quantile,0.1,1718300
DE,00+,2025-02-06,2025-02-16,2,quantile,0.25,1941400
DE,00+,2025-02-06,2025-02-16,2,quantile,0.5,2211700
DE,00+,2025-02-06,2025-02-16,2,quantile,0.75,2506700
DE,00+,2025-02-06,2025-02-16,2,quantile,0.9,2794100
DE,00+,2025-02-06,2025-02-16,2,quantile,0.975,3140700
DE,00+,2025-02-06,2025-02-16,2,mean,NA,2238839.43918357
DE,00+,2025-02-06,2025-02-23,3,quantile,0.025,1342000
DE,00+,2025-02-06,2025-02-23,3,quantile,0.1,1574000
DE,00+,2025-02-06,2025-02-23,3,quantile,0.25,1804000
DE,00+,2025-02-06,2025-02-23,3,quantile,0.5,2085400
DE,00+,2025-02-06,2025-02-23,3,quantile,0.75,2395400
DE,00+,2025-02-06,2025-02-23,3,quantile,0.9,2699700
DE,00+,2025-02-06,2025-02-23,3,quantile,0.975,3069200
DE,00+,2025-02-06,2025-02-23,3,mean,NA,2116765.99577924
DE,00+,2025-02-06,2025-03-02,4,quantile,0.025,1184400
DE,00+,2025-02-06,2025-03-02,4,quantile,0.1,1413200
DE,00+,2025-02-06,2025-03-02,4,quantile,0.25,1642300
DE,00+,2025-02-06,2025-03-02,4,quantile,0.5,1925400
DE,00+,2025-02-06,2025-03-02,4,quantile,0.75,2240000
DE,00+,2025-02-06,2025-03-02,4,quantile,0.9,2551100
DE,00+,2025-02-06,2025-03-02,4,quantile,0.975,2931400
DE,00+,2025-02-06,2025-03-02,4,mean,NA,1959985.18895775
DE,00+,2025-02-13,2025-02-16,1,quantile,0.025,1591800
DE,00+,2025-02-13,2025-02-16,1,quantile,0.1,1800100
DE,00+,2025-02-13,2025-02-16,1,quantile,0.25,2002000
DE,00+,2025-02-13,2025-02-16,1,quantile,0.5,2244400
DE,00+,2025-02-13,2025-02-16,1,quantile,0.75,2506300
DE,00+,2025-02-13,2025-02-16,1,quantile,0.9,2759500
DE,00+,2025-02-13,2025-02-16,1,quantile,0.975,3062500
DE,00+,2025-02-13,2025-02-16,1,mean,NA,2265994.46787601
DE,00+,2025-02-13,2025-02-23,2,quantile,0.025,1423200
DE,00+,2025-02-13,2025-02-23,2,quantile,0.1,1642100
DE,00+,2025-02-13,2025-02-23,2,quantile,0.25,1856900
DE,00+,2025-02-13,2025-02-23,2,quantile,0.5,2117700
DE,00+,2025-02-13,2025-02-23,2,quantile,0.75,2402500
DE,00+,2025-02-13,2025-02-23,2,quantile,0.9,2680300
DE,00+,2025-02-13,2025-02-23,2,quantile,0.975,3015600
DE,00+,2025-02-13,2025-02-23,2,mean,NA,2144190.47735707
DE,00+,2025-02-13,2025-03-02,3,quantile,0.025,1251800
DE,00+,2025-02-13,2025-03-02,3,quantile,0.1,1471300
DE,00+,2025-02-13,2025-03-02,3,quantile,0.25,1689200
DE,00+,2025-02-13,2025-03-02,3,quantile,0.5,1956300
DE,00+,2025-02-13,2025-03-02,3,quantile,0.75,2251000
DE,00+,2025-02-13,2025-03-02,3,quantile,0.9,2540800
DE,00+,2025-02-13,2025-03-02,3,quantile,0.975,2893100
DE,00+,2025-02-13,2025-03-02,3,mean,NA,1986626.11991715
DE,00+,2025-02-13,2025-03-09,4,quantile,0.025,1087600
DE,00+,2025-02-13,2025-03-09,4,quantile,0.1,1301600
DE,00+,2025-02-13,2025-03-09,4,quantile,0.25,1516400
DE,00+,2025-02-13,2025-03-09,4,quantile,0.5,1782400
DE,00+,2025-02-13,2025-03-09,4,quantile,0.75,2078500
DE,00+,2025-02-13,2025-03-09,4,quantile,0.9,2371900
DE,00+,2025-02-13,2025-03-09,4,quantile,0.975,2731200
DE,00+,2025-02-13,2025-03-09,4,mean,NA,1815532.58939059
DE,00+,2025-02-20,2025-02-23,1,quantile,0.025,1522800
DE,00+,2025-02-20,2025-02-23,1,quantile,0.1,1722800
DE,00+,2025-02-20,2025-02-23,1,quantile,0.25,1916900
DE,00+,2025-02-20,2025-02-23,1,quantile,0.5,2150200
DE,00+,2025-02-20,2025-02-23,1,quantile,0.75,2402600
DE,00+,2025-02-20,2025-02-23,1,quantile,0.9,2646900
DE,00+,2025-02-20,2025-02-23,1,quantile,0.975,2939600
DE,00+,2025-02-20,2025-02-23,1,mean,NA,2171319.01765408
DE,00+,2025-02-20,2025-03-02,2,quantile,0.025,1332700
DE,00+,2025-02-20,2025-03-02,2,quantile,0.1,1539000
DE,00+,2025-02-20,2025-03-02,2,quantile,0.25,1741800
DE,00+,2025-02-20,2025-03-02,2,quantile,0.5,1988200
DE,00+,2025-02-20,2025-03-02,2,quantile,0.75,2257700
DE,00+,2025-02-20,2025-03-02,2,quantile,0.9,2521000
DE,00+,2025-02-20,2025-03-02,2,quantile,0.975,2839300
DE,00+,2025-02-20,2025-03-02,2,mean,NA,2013690.55752796
DE,00+,2025-02-20,2025-03-09,3,quantile,0.025,1155000
DE,00+,2025-02-20,2025-03-09,3,quantile,0.1,1359400
DE,00+,2025-02-20,2025-03-09,3,quantile,0.25,1562800
DE,00+,2025-02-20,2025-03-09,3,quantile,0.5,1812500
DE,00+,2025-02-20,2025-03-09,3,quantile,0.75,2088300
DE,00+,2025-02-20,2025-03-09,3,quantile,0.9,2360000
DE,00+,2025-02-20,2025-03-09,3,quantile,0.975,2690900
DE,00+,2025-02-20,2025-03-09,3,mean,NA,1841274.63795329
DE,00+,2025-02-20,2025-03-16,4,quantile,0.025,995300
DE,00+,2025-02-20,2025-03-16,4,quantile,0.1,1193300
DE,00+,2025-02-20,2025-03-16,4,quantile,0.25,1392500
DE,00+,2025-02-20,2025-03-16,4,quantile,0.5,1639500
DE,00+,2025-02-20,2025-03-16,4,quantile,0.75,1915100
DE,00+,2025-02-20,2025-03-16,4,quantile,0.9,2188500
DE,00+,2025-02-20,2025-03-16,4,quantile,0.975,2524000
DE,00+,2025-02-20,2025-03-16,4,mean,NA,1670868.34342409
DE,00+,2025-02-27,2025-03-02,1,quantile,0.025,1445500
DE,00+,2025-02-27,2025-03-02,1,quantile,0.1,1636700
DE,00+,2025-02-27,2025-03-02,1,quantile,0.25,1822600
DE,00+,2025-02-27,2025-03-02,1,quantile,0.5,2046300
DE,00+,2025-02-27,2025-03-02,1,quantile,0.75,2288900
DE,00+,2025-02-27,2025-03-02,1,quantile,0.9,2524000
DE,00+,2025-02-27,2025-03-02,1,quantile,0.975,2806200
DE,00+,2025-02-27,2025-03-02,1,mean,NA,2067082.74639274
DE,00+,2025-02-27,2025-03-09,2,quantile,0.025,1246300
DE,00+,2025-02-27,2025-03-09,2,quantile,0.1,1440900
DE,00+,2025-02-27,2025-03-09,2,quantile,0.25,1632600
DE,00+,2025-02-27,2025-03-09,2,quantile,0.5,1865800
DE,00+,2025-02-27,2025-03-09,2,quantile,0.75,2121400
DE,00+,2025-02-27,2025-03-09,2,quantile,0.9,2371500
DE,00+,2025-02-27,2025-03-09,2,quantile,0.975,2674400
DE,00+,2025-02-27,2025-03-09,2,mean,NA,1890454.95107118
DE,00+,2025-02-27,2025-03-16,3,quantile,0.025,1070900
DE,00+,2025-02-27,2025-03-16,3,quantile,0.1,1262400
DE,00+,2025-02-27,2025-03-16,3,quantile,0.25,1453200
DE,00+,2025-02-27,2025-03-16,3,quantile,0.5,1688000
DE,00+,2025-02-27,2025-03-16,3,quantile,0.75,1947900
DE,00+,2025-02-27,2025-03-16,3,quantile,0.9,2204300
DE,00+,2025-02-27,2025-03-16,3,quantile,0.975,2517200
DE,00+,2025-02-27,2025-03-16,3,mean,NA,1715664.25643482
DE,00+,2025-02-27,2025-03-23,4,quantile,0.025,920700
DE,00+,2025-02-27,2025-03-23,4,quantile,0.1,1105800
DE,00+,2025-02-27,2025-03-23,4,quantile,0.25,1292400
DE,00+,2025-02-27,2025-03-23,4,quantile,0.5,1524200
DE,00+,2025-02-27,2025-03-23,4,quantile,0.75,1783200
DE,00+,2025-02-27,2025-03-23,4,quantile,0.9,2040700
DE,00+,2025-02-27,2025-03-23,4,quantile,0.975,2357300
DE,00+,2025-02-27,2025-03-23,4,mean,NA,1554102.86370476
DE,00+,2025-03-06,2025-03-09,1,quantile,0.025,1305300
DE,00+,2025-03-06,2025-03-09,1,quantile,0.1,1479900
DE,00+,2025-03-06,2025-03-09,1,quantile,0.25,1650100
DE,00+,2025-03-06,2025-03-09,1,quantile,0.5,1855500
DE,00+,2025-03-06,2025-03-09,1,quantile,0.75,2078800
DE,00+,2025-03-06,2025-03-09,1,quantile,0.9,2295700
DE,00+,2025-03-06,2025-03-09,1,quantile,0.975,2556600
DE,00+,2025-03-06,2025-03-09,1,mean,NA,1875203.95231766
DE,00+,2025-03-06,2025-03-16,2,quantile,0.025,1116400
DE,00+,2025-03-06,2025-03-16,2,quantile,0.1,1292600
DE,00+,2025-03-06,2025-03-16,2,quantile,0.25,1466500
DE,00+,2025-03-06,2025-03-16,2,quantile,0.5,1678600
DE,00+,2025-03-06,2025-03-16,2,quantile,0.75,1911800
DE,00+,2025-03-06,2025-03-16,2,quantile,0.9,2140400
DE,00+,2025-03-06,2025-03-16,2,quantile,0.975,2417800
DE,00+,2025-03-06,2025-03-16,2,mean,NA,1701721.09590347
DE,00+,2025-03-06,2025-03-23,3,quantile,0.025,957300
DE,00+,2025-03-06,2025-03-23,3,quantile,0.1,1130300
DE,00+,2025-03-06,2025-03-23,3,quantile,0.25,1302900
DE,00+,2025-03-06,2025-03-23,3,quantile,0.5,1515900
DE,00+,2025-03-06,2025-03-23,3,quantile,0.75,1752200
DE,00+,2025-03-06,2025-03-23,3,quantile,0.9,1985900
DE,00+,2025-03-06,2025-03-23,3,quantile,0.975,2271700
DE,00+,2025-03-06,2025-03-23,3,mean,NA,1541616.70142636
DE,00+,2025-03-06,2025-03-30,4,quantile,0.025,823200
DE,00+,2025-03-06,2025-03-30,4,quantile,0.1,990400
DE,00+,2025-03-06,2025-03-30,4,quantile,0.25,1159200
DE,00+,2025-03-06,2025-03-30,4,quantile,0.5,1369400
DE,00+,2025-03-06,2025-03-30,4,quantile,0.75,1604900
DE,00+,2025-03-06,2025-03-30,4,quantile,0.9,1839700
DE,00+,2025-03-06,2025-03-30,4,quantile,0.975,2128800
DE,00+,2025-03-06,2025-03-30,4,mean,NA,1397217.03663316
DE,00+,2025-03-13,2025-03-16,1,quantile,0.025,1090400
DE,00+,2025-03-13,2025-03-16,1,quantile,0.1,1238100
DE,00+,2025-03-13,2025-03-16,1,quantile,0.25,1382400
DE,00+,2025-03-13,2025-03-16,1,quantile,0.5,1556900
DE,00+,2025-03-13,2025-03-16,1,quantile,0.75,1747000
DE,00+,2025-03-13,2025-03-16,1,quantile,0.9,1932100
DE,00+,2025-03-13,2025-03-16,1,quantile,0.975,2154900
DE,00+,2025-03-13,2025-03-16,1,mean,NA,1574084.71667518
DE,00+,2025-03-13,2025-03-23,2,quantile,0.025,930700
DE,00+,2025-03-13,2025-03-23,2,quantile,0.1,1079000
DE,00+,2025-03-13,2025-03-23,2,quantile,0.25,1225800
DE,00+,2025-03-13,2025-03-23,2,quantile,0.5,1405300
DE,00+,2025-03-13,2025-03-23,2,quantile,0.75,1602900
DE,00+,2025-03-13,2025-03-23,2,quantile,0.9,1797100
DE,00+,2025-03-13,2025-03-23,2,quantile,0.975,2033100
DE,00+,2025-03-13,2025-03-23,2,mean,NA,1425264.05404202
DE,00+,2025-03-13,2025-03-30,3,quantile,0.025,797900
DE,00+,2025-03-13,2025-03-30,3,quantile,0.1,943400
DE,00+,2025-03-13,2025-03-30,3,quantile,0.25,1089100
DE,00+,2025-03-13,2025-03-30,3,quantile,0.5,1269000
DE,00+,2025-03-13,2025-03-30,3,quantile,0.75,1469200
DE,00+,2025-03-13,2025-03-30,3,quantile,0.9,1667600
DE,00+,2025-03-13,2025-03-30,3,quantile,0.975,1910700
DE,00+,2025-03-13,2025-03-30,3,mean,NA,1291294.38364745
DE,00+,2025-03-13,2025-04-06,4,quantile,0.025,687800
DE,00+,2025-03-13,2025-04-06,4,quantile,0.1,828800
DE,00+,2025-03-13,2025-04-06,4,quantile,0.25,971400
DE,00+,2025-03-13,2025-04-06,4,quantile,0.5,1149500
DE,00+,2025-03-13,2025-04-06,4,quantile,0.75,1349400
DE,00+,2025-03-13,2025-04-06,4,quantile,0.9,1549100
DE,00+,2025-03-13,2025-04-06,4,quantile,0.975,1795600
DE,00+,2025-03-13,2025-04-06,4,mean,NA,1173551.12267754
DE,00+,2025-03-20,2025-03-23,1,quantile,0.025,1015000
DE,00+,2025-03-20,2025-03-23,1,quantile,0.1,1152000
DE,00+,2025-03-20,2025-03-23,1,quantile,0.25,1285800
DE,00+,2025-03-20,2025-03-23,1,quantile,0.5,1447700
DE,00+,2025-03-20,2025-03-23,1,quantile,0.75,1623900
DE,00+,2025-03-20,2025-03-23,1,quantile,0.9,1795300
DE,00+,2025-03-20,2025-03-23,1,quantile,0.975,2001800
DE,00+,2025-03-20,2025-03-23,1,mean,NA,1463523.27262455
DE,00+,2025-03-20,2025-03-30,2,quantile,0.025,866800
DE,00+,2025-03-20,2025-03-30,2,quantile,0.1,1004700
DE,00+,2025-03-20,2025-03-30,2,quantile,0.25,1141200
DE,00+,2025-03-20,2025-03-30,2,quantile,0.5,1308100
DE,00+,2025-03-20,2025-03-30,2,quantile,0.75,1491800
DE,00+,2025-03-20,2025-03-30,2,quantile,0.9,1672300
DE,00+,2025-03-20,2025-03-30,2,quantile,0.975,1891700
DE,00+,2025-03-20,2025-03-30,2,mean,NA,1326641.13463477
DE,00+,2025-03-20,2025-04-06,3,quantile,0.025,745600
DE,00+,2025-03-20,2025-04-06,3,quantile,0.1,881600
DE,00+,2025-03-20,2025-04-06,3,quantile,0.25,1017700
DE,00+,2025-03-20,2025-04-06,3,quantile,0.5,1185800
DE,00+,2025-03-20,2025-04-06,3,quantile,0.75,1372900
DE,00+,2025-03-20,2025-04-06,3,quantile,0.9,1558200
DE,00+,2025-03-20,2025-04-06,3,quantile,0.975,1785400
DE,00+,2025-03-20,2025-04-06,3,mean,NA,1206637.51252609
DE,00+,2025-03-20,2025-04-13,4,quantile,0.025,646300
DE,00+,2025-03-20,2025-04-13,4,quantile,0.1,778800
DE,00+,2025-03-20,2025-04-13,4,quantile,0.25,912900
DE,00+,2025-03-20,2025-04-13,4,quantile,0.5,1080300
DE,00+,2025-03-20,2025-04-13,4,quantile,0.75,1268200
DE,00+,2025-03-20,2025-04-13,4,quantile,0.9,1456000
DE,00+,2025-03-20,2025-04-13,4,quantile,0.975,1687800
DE,00+,2025-03-20,2025-04-13,4,mean,NA,1102917.9712176
DE,00+,2025-03-27,2025-03-30,1,quantile,0.025,846600
DE,00+,2025-03-27,2025-03-30,1,quantile,0.1,961200
DE,00+,2025-03-27,2025-03-30,1,quantile,0.25,1073200
DE,00+,2025-03-27,2025-03-30,1,quantile,0.5,1208700
DE,00+,2025-03-27,2025-03-30,1,quantile,0.75,1356300
DE,00+,2025-03-27,2025-03-30,1,quantile,0.9,1500000
DE,00+,2025-03-27,2025-03-30,1,quantile,0.975,1673100
DE,00+,2025-03-27,2025-03-30,1,mean,NA,1222076.66850956
DE,00+,2025-03-27,2025-04-06,2,quantile,0.025,724200
DE,00+,2025-03-27,2025-04-06,2,quantile,0.1,839800
DE,00+,2025-03-27,2025-04-06,2,quantile,0.25,954300
DE,00+,2025-03-27,2025-04-06,2,quantile,0.5,1094300
DE,00+,2025-03-27,2025-04-06,2,quantile,0.75,1248600
DE,00+,2025-03-27,2025-04-06,2,quantile,0.9,1400300
DE,00+,2025-03-27,2025-04-06,2,quantile,0.975,1584700
DE,00+,2025-03-27,2025-04-06,2,mean,NA,1110021.41336672
DE,00+,2025-03-27,2025-04-13,3,quantile,0.025,625100
DE,00+,2025-03-27,2025-04-13,3,quantile,0.1,739500
DE,00+,2025-03-27,2025-04-13,3,quantile,0.25,854100
DE,00+,2025-03-27,2025-04-13,3,quantile,0.5,995800
DE,00+,2025-03-27,2025-04-13,3,quantile,0.75,1153500
DE,00+,2025-03-27,2025-04-13,3,quantile,0.9,1309900
DE,00+,2025-03-27,2025-04-13,3,quantile,0.975,1501700
DE,00+,2025-03-27,2025-04-13,3,mean,NA,1013423.1999021
DE,00+,2025-03-27,2025-04-20,4,quantile,0.025,545000
DE,00+,2025-03-27,2025-04-20,4,quantile,0.1,657100
DE,00+,2025-03-27,2025-04-20,4,quantile,0.25,770600
DE,00+,2025-03-27,2025-04-20,4,quantile,0.5,912500
DE,00+,2025-03-27,2025-04-20,4,quantile,0.75,1071900
DE,00+,2025-03-27,2025-04-20,4,quantile,0.9,1231300
DE,00+,2025-03-27,2025-04-20,4,quantile,0.975,1428100
DE,00+,2025-03-27,2025-04-20,4,mean,NA,931807.140863067
