"","location","age_group","forecast_date","target_end_date","horizon","observed","lower_95","lower_80","lower_50","median","upper_50","upper_80","upper_95"
"1","DE","00+",2024-10-17,2024-10-20,1,1443282,1108420.24107796,1274637.79994667,1444398.40667314,1659657.50086447,1906996.71742232,2160977.04013717,2485034.93358884
"2","DE","00+",2024-10-17,2024-10-27,2,1407532,1094446.07030983,1298076.61210772,1512210.83423657,1791801.1619186,2123084.51385594,2473314.26659,2933494.3867485
"3","DE","00+",2024-10-17,2024-11-03,3,1098257,1172109.35712672,1418587.62880231,1682777.23438647,2034395.53378259,2459484.89396075,2917525.22286469,3531040.13948002
"4","DE","00+",2024-10-17,2024-11-10,4,1458246,984694.853101635,1224305.91679564,1487750.49940621,1847444.76805151,2294102.5207944,2787744.56953851,3466101.36150334
"5","DE","00-04",2024-10-17,2024-10-20,1,200728,125744.386879239,143217.089068905,160900.781040558,183120.793067786,208409.33547316,234142.62272599,266677.7077372
"6","DE","00-04",2024-10-17,2024-10-27,2,191870,136231.514215238,157746.234004499,179863.423871767,208092.322859854,240751.643113843,274506.805861207,317859.014359879
"7","DE","00-04",2024-10-17,2024-11-03,3,156082,139948.669006276,164482.670572014,190061.214891679,223171.76741599,262050.507253478,302801.733449306,355885.040745499
"8","DE","00-04",2024-10-17,2024-11-10,4,181588,143107.467052957,170615.443554333,199684.243465572,237825.457713956,283251.934930984,331511.304947262,395234.081782207
"9","DE","05-14",2024-10-17,2024-10-20,1,144455,84312.5085663279,102954.541614744,123104.772601522,150150.49505674,183138.075716696,218981.803154911,267400.075613312
"10","DE","05-14",2024-10-17,2024-10-27,2,138826,90870.4534164885,113893.644907679,139399.51638024,174490.172103304,218414.101793517,267326.76950782,335057.425333767
"11","DE","05-14",2024-10-17,2024-11-03,3,117440,94642.5366838628,119251.058346781,146649.737657656,184534.160766605,232205.369295165,285556.010671283,359804.98497819
"12","DE","05-14",2024-10-17,2024-11-10,4,164040,97853.7195966876,124013.494511711,153298.936942998,194015.227517815,245545.789549645,303530.746045022,384675.295573168
"13","DE","15-34",2024-10-17,2024-10-20,1,444126,251107.35309467,297175.417962368,345519.5085012,408510.329499949,482984.853827947,561556.169256532,664579.062506548
"14","DE","15-34",2024-10-17,2024-10-27,2,414051,260847.040507127,314880.987414026,372655.874493766,449361.382183928,541855.544535708,641276.100715301,774115.172653197
"15","DE","15-34",2024-10-17,2024-11-03,3,312855,260376.000684535,317954.19076005,380192.000828411,463729.685712742,565622.687859477,676340.264291487,825902.621001472
"16","DE","15-34",2024-10-17,2024-11-10,4,443559,263062.965031613,327073.993867111,397451.738773309,493541.633613232,612862.695887081,744734.673734362,925950.728489455
"17","DE","35-59",2024-10-17,2024-10-20,1,507285,341027.120456181,400631.387416461,462746.926485784,543119.131213852,637450.783154043,736283.775948527,864970.475943104
"18","DE","35-59",2024-10-17,2024-10-27,2,507285,353551.164264498,425144.503331518,501415.976003809,602309.074198254,723503.514492728,853300.978887813,1026092.56461155
"19","DE","35-59",2024-10-17,2024-11-03,3,394014,351064.852613574,431003.097964896,517849.138760628,635010.857474909,778680.041983063,935582.113017344,1148616.23460459
"20","DE","35-59",2024-10-17,2024-11-10,4,522197,348535.109585619,440295.550883118,542709.278172228,684665.015094746,863751.923448647,1064662.54758756,1344961.15313035
"21","DE","60+",2024-10-17,2024-10-20,1,171240,112122.197032399,129409.180281427,147125.885565484,169669.001337841,195666.248018383,222453.847187469,256751.747440891
"22","DE","60+",2024-10-17,2024-10-27,2,177983,118355.96284542,137377.087892366,156975.270830024,182046.008302653,211120.827909355,241239.275394273,280009.121147648
"23","DE","60+",2024-10-17,2024-11-03,3,135354,112126.42996606,133025.87632451,155009.199720858,183719.989211987,217748.588450463,253732.847838671,301026.568368131
"24","DE","60+",2024-10-17,2024-11-10,4,169794,110335.503721077,134282.207444112,160084.792599164,194607.706054694,236575.621212804,282034.083120302,343245.446647974
"25","DE","00+",2024-10-24,2024-10-27,1,1407532,1056087.46864204,1214457.25880284,1376202.81593787,1581298.70237316,1816960.08551106,2058949.02270329,2367706.89963995
"26","DE","00+",2024-10-24,2024-11-03,2,1098257,973038.973466485,1154080.74311837,1344461.0179777,1593036.34098275,1887570.37188699,2198949.07598457,2608081.33373204
"27","DE","00+",2024-10-24,2024-11-10,3,1458246,975893.329388949,1181110.10349369,1401073.25984583,1693829.17957754,2047756.79603221,2429119.2506962,2939929.19429499
"28","DE","00+",2024-10-24,2024-11-17,4,1372614,841236.567643777,1045939.15967673,1271003.01142898,1578294.1189261,1959879.16900061,2381603.46401658,2961131.76916904
"29","DE","00-04",2024-10-24,2024-10-27,1,191870,158587.801994883,180624.232438744,202926.761486282,230950.460636226,262844.165438924,295298.778840065,336331.76446828
"30","DE","00-04",2024-10-24,2024-11-03,2,156082,158955.89576985,184059.423217515,209865.917019741,242803.596315872,280910.722527545,320296.485522786,370880.149480453
"31","DE","00-04",2024-10-24,2024-11-10,3,181588,157638.642126887,185273.822369925,214085.579014454,251381.414530898,295174.555252452,341076.870780925,400870.083115091
"32","DE","00-04",2024-10-24,2024-11-17,4,192937,154733.560425226,184476.293154723,215906.651054147,257146.468941567,306263.406737447,358443.382389827,427343.016650033
"33","DE","05-14",2024-10-24,2024-10-27,1,138826,105479.066261838,128801.160131485,154010.083286387,187845.603062305,229114.677668381,273956.931395804,334530.555117433
"34","DE","05-14",2024-10-24,2024-11-03,2,117440,102392.754897194,128335.268824178,157075.26458671,196615.387647013,246108.836813356,301223.592031798,377542.441341666
"35","DE","05-14",2024-10-24,2024-11-10,3,164040,108087.908591899,136192.4346674,167483.501545552,210749.96719128,265193.575852278,326123.464784178,410920.603883849
"36","DE","05-14",2024-10-24,2024-11-17,4,181000,110276.753181424,139757.646227448,172761.026376048,218646.459701305,276719.091931388,342065.537238029,433511.805169536
"37","DE","15-34",2024-10-24,2024-10-27,1,414051,287434.134066793,340166.697132709,395504.550166574,467608.022505377,552856.50346955,642794.443296385,760721.281142546
"38","DE","15-34",2024-10-24,2024-11-03,2,312855,285171.273576954,344243.937103719,407406.387010234,491264.755791584,592384.086204574,701075.70321638,846302.144166839
"39","DE","15-34",2024-10-24,2024-11-10,3,443559,286328.33413721,349645.487805809,418086.69755775,509950.794431983,621999.729388401,743752.806231668,908222.42068853
"40","DE","15-34",2024-10-24,2024-11-17,4,398352,260242.982167252,323567.825456166,393191.134880941,488250.965086513,606292.929213921,736751.265586529,916024.720139063
"41","DE","35-59",2024-10-24,2024-10-27,1,507285,394822.093842649,463828.574769253,535742.465848382,628792.901588033,738004.8032246,852428.105112308,1001414.35662684
"42","DE","35-59",2024-10-24,2024-11-03,2,394014,397557.468502807,478061.988125473,563826.925875452,677278.128309001,813557.568882531,959510.846876515,1153809.69904356
"43","DE","35-59",2024-10-24,2024-11-10,3,522197,400307.464310845,491458.361530593,590485.985963969,724081.560068446,887902.707420303,1066812.87097914,1309728.52713042
"44","DE","35-59",2024-10-24,2024-11-17,4,466565,368263.345055426,465217.729639966,573428.411301054,723419.310614031,912643.127992007,1124925.95536781,1421090.38544283
"45","DE","60+",2024-10-24,2024-10-27,1,177983,119492.973410141,137916.381837652,156797.761702259,180822.834389602,208529.10833496,237077.691576761,273630.293929188
"46","DE","60+",2024-10-24,2024-11-03,2,135354,125603.225389529,145789.066465861,166587.300281582,193193.188263492,224048.339389169,256011.022610898,297154.853115141
"47","DE","60+",2024-10-24,2024-11-10,3,169794,130634.689243912,154983.923240145,180595.945501976,214045.909656336,253691.473046426,295615.50954945,350715.814503639
"48","DE","60+",2024-10-24,2024-11-17,4,154380,127427.732149876,155084.053505922,184883.753502981,224754.660151176,273223.884211416,325724.38053885,396418.082684363
"49","DE","00+",2024-10-31,2024-11-03,1,1098257,979598.132047997,1126497.65999509,1276528.45795568,1466769.84724238,1685362.96341161,1909825.34734142,2196220.79135816
"50","DE","00+",2024-10-31,2024-11-10,2,1458246,928415.314475963,1101154.49151616,1282803.90903524,1519979.54430968,1801006.21680939,2098105.06420292,2488474.47806686
"51","DE","00+",2024-10-31,2024-11-17,3,1372614,814998.541814602,986381.383170826,1170079.38200045,1414568.85692936,1710144.69768143,2028632.21582914,2455225.31431674
"52","DE","00+",2024-10-31,2024-11-24,4,1410858,708068.171347551,880366.185468422,1069802.2562196,1328448.9448274,1649628.78770631,2004593.80215067,2492382.33043919
"53","DE","00-04",2024-10-31,2024-11-03,1,156082,156530.099110623,178280.603235355,200293.753290497,227953.840322466,259433.719045625,291467.22848566,331967.804358428
"54","DE","00-04",2024-10-31,2024-11-10,2,181588,158378.983131662,183391.40013528,209104.232155728,241922.367830238,279891.188491115,319134.005266422,369534.08147554
"55","DE","00-04",2024-10-31,2024-11-17,3,192937,151024.153001493,177499.766042419,205102.58655024,240833.495503517,282789.083901851,326765.34651083,384049.646389138
"56","DE","00-04",2024-10-31,2024-11-24,4,184791,153605.504420767,183131.403335077,214332.6241045,255271.790833484,304030.650805465,355830.218130877,424227.552528541
"57","DE","05-14",2024-10-31,2024-11-03,1,117440,105276.064202412,128553.273022793,153713.679789585,187484.080670923,228673.729970798,273429.681551468,333886.726971845
"58","DE","05-14",2024-10-31,2024-11-10,2,164040,106934.465319138,134027.679664252,164042.460331364,205336.416357372,257025.186023906,314584.599152273,394288.630486489
"59","DE","05-14",2024-10-31,2024-11-17,3,181000,106742.629709639,134497.362492645,165398.975897018,208126.940397691,261892.935457318,322064.481537123,405806.222285647
"60","DE","05-14",2024-10-31,2024-11-24,4,176497,106444.654628314,134901.091618761,166757.609879732,211048.532144574,267103.150210075,330178.817575888,418447.343137241
"61","DE","15-34",2024-10-31,2024-11-03,1,312855,287704.998696146,340487.25448974,395877.255356012,468048.674671166,553377.489859645,643400.183039852,761438.149681929
"62","DE","15-34",2024-10-31,2024-11-10,2,443559,280142.184512238,338173.082217222,400221.641575993,482601.140483342,581937.19829516,688712.002944752,831377.327914171
"63","DE","15-34",2024-10-31,2024-11-17,3,398352,267469.039241399,326615.746849891,390549.009591881,476362.388158724,581031.110767411,694764.802496109,848401.465440194
"64","DE","15-34",2024-10-31,2024-11-24,4,419158,249546.987941451,310269.178307596,377030.967666059,468183.836052653,581374.271980551,706470.766888969,878376.07718353
"65","DE","35-59",2024-10-31,2024-11-03,1,394014,398815.418777442,468519.847729864,541161.093075339,635152.663141126,745469.160029031,861049.766514622,1011542.90055268
"66","DE","35-59",2024-10-31,2024-11-10,2,522197,383872.895342545,461606.318769591,544419.08819622,653965.11615105,785553.597246969,926482.926582133,1114093.69697964
"67","DE","35-59",2024-10-31,2024-11-17,3,466565,376060.433360807,461690.227870628,554719.648201868,680223.202274504,834121.535828847,1002194.92850569,1230396.93587931
"68","DE","35-59",2024-10-31,2024-11-24,4,497822,326651.86274792,412651.001004137,508634.544325552,641677.398885095,809520.094208154,997816.27389246,1260515.95351744
"69","DE","60+",2024-10-31,2024-11-03,1,135354,122136.953385037,140968.010242088,160267.171912903,184823.839130602,213143.160281999,242323.428218296,279684.817446572
"70","DE","60+",2024-10-31,2024-11-10,2,169794,124717.726157247,144761.25761756,165412.864465546,191831.181679994,222468.804851678,254206.15204906,295059.919696942
"71","DE","60+",2024-10-31,2024-11-17,3,154380,124895.012958794,148174.418399244,172661.129171141,204641.407385985,242545.069744141,282627.096291881,335306.467606783
"72","DE","60+",2024-10-31,2024-11-24,4,154140,111152.872125937,135276.973679803,161270.705085684,196049.365220665,238328.179832816,284123.399259368,345788.218228658
"73","DE","00+",2024-11-07,2024-11-10,1,1458246,829694.118320939,954114.194609791,1081186.37509124,1242315.87972023,1427458.55900636,1617572.35530517,1860141.8413431
"74","DE","00+",2024-11-07,2024-11-17,2,1372614,813386.59751138,964723.751561826,1123867.18591929,1331657.25570865,1577865.31086499,1838154.23203857,2180157.6914435
"75","DE","00+",2024-11-07,2024-11-24,3,1410858,721960.760781057,873779.052694645,1036506.64076334,1253085.93295402,1514919.72517497,1797049.66664608,2174944.18071763
"76","DE","00+",2024-11-07,2024-12-01,4,1342684,682214.407811728,848221.287413312,1030740.46007962,1279943.15643189,1589395.72777639,1931399.86935809,2401377.72661777
"77","DE","00-04",2024-11-07,2024-11-10,1,181588,132698.333324504,151137.315109598,169798.954884548,193247.783382121,219934.838865733,247091.234583744,281425.582722122
"78","DE","00-04",2024-11-07,2024-11-17,2,192937,125913.432116521,145798.641682723,166240.690653569,192331.552059138,222517.277641512,253715.847353195,293784.589107578
"79","DE","00-04",2024-11-07,2024-11-24,3,184791,124759.923379109,146631.229317625,169433.712914861,198950.749591985,233609.947408177,269938.409078421,317260.540814349
"80","DE","00-04",2024-11-07,2024-12-01,4,186254,121265.277690145,144574.770044579,169206.860640182,201526.662202724,240019.792488996,280913.437151226,334910.34162594
"81","DE","05-14",2024-11-07,2024-11-10,1,164040,79162.3123084923,96665.604137166,115584.966229312,140978.611419272,171951.158754294,205605.386270633,251066.047695198
"82","DE","05-14",2024-11-07,2024-11-17,2,181000,75024.3070253205,94032.6746761462,115090.788291309,144062.274948481,180326.67402365,220709.866382186,276629.533630045
"83","DE","05-14",2024-11-07,2024-11-24,3,176497,78290.7048884719,98647.4976664233,121312.379562254,152651.334470026,192086.166305242,236219.16892689,297639.802179263
"84","DE","05-14",2024-11-07,2024-12-01,4,175672,75944.5029128717,96247.1660147174,118975.667058871,150575.676347279,190568.667257158,235570.9289557,298547.405510737
"85","DE","15-34",2024-11-07,2024-11-10,1,443559,221947.606978006,262666.035289576,305396.186654664,361072.222461473,426898.420904945,496345.672136628,587405.070991313
"86","DE","15-34",2024-11-07,2024-11-17,2,398352,203717.754541289,245917.483207851,291038.831879774,350944.720622883,423181.319611504,500827.331698804,604572.719792626
"87","DE","15-34",2024-11-07,2024-11-24,3,419158,188672.366811095,230394.389461748,275492.842851714,336025.505937441,409858.708022008,490086.329377652,598461.462846679
"88","DE","15-34",2024-11-07,2024-12-01,4,390597,174819.513636375,217358.291099941,264128.094420024,327985.006696775,407280.281388076,494916.315699322,615344.147688446
"89","DE","35-59",2024-11-07,2024-11-10,1,522197,285861.351594072,335823.818776294,387891.325693629,455262.234621422,534334.460565369,617179.874339282,725049.752674538
"90","DE","35-59",2024-11-07,2024-11-17,2,466565,263564.93072574,316936.253914219,373795.026966324,449008.702168452,539356.599415543,636117.869549769,764930.349678378
"91","DE","35-59",2024-11-07,2024-11-24,3,497822,238422.690720242,292712.066048555,351692.811545484,431262.190300738,528833.887635308,635392.586625175,780072.887446865
"92","DE","35-59",2024-11-07,2024-12-01,4,469719,214284.737489952,270700.465876038,333665.998081979,420942.565018952,531047.94633944,654570.883250258,826902.77021266
"93","DE","60+",2024-11-07,2024-11-10,1,169794,110227.655386904,127222.538493792,144639.882573109,166802.084728178,192360.052944615,218695.018972789,252413.383664984
"94","DE","60+",2024-11-07,2024-11-17,2,154380,104223.299367047,120973.147557248,138231.148238037,160308.235983715,185911.285927804,212433.3461031,246573.757310313
"95","DE","60+",2024-11-07,2024-11-24,3,154140,93152.8538875299,110515.781375261,128779.176659694,152631.643729878,180902.062522472,210797.21264948,250088.083139265
"96","DE","60+",2024-11-07,2024-12-01,4,141857,83803.3619583204,101991.653234747,121589.546118578,147810.808673225,179686.789350507,214213.952492237,260705.950812556
"97","DE","00+",2024-11-14,2024-11-17,1,1372614,879613.490007369,1011519.42391094,1146237.02849313,1317061.04999721,1513343.02269066,1714895.20459519,1972059.12497457
"98","DE","00+",2024-11-14,2024-11-24,2,1410858,783219.81928075,928944.200292813,1082185.343285,1282268.92150806,1519345.64376413,1769981.00267721,2099300.28146552
"99","DE","00+",2024-11-14,2024-12-01,3,1342684,711311.802979282,860890.767394826,1021218.11529444,1234602.85195168,1492574.5824708,1770543.09301027,2142863.64385214
"100","DE","00+",2024-11-14,2024-12-08,4,1372614,520443.404418781,647085.68078746,786324.750655311,976434.924516819,1212508.14122485,1473414.09356472,1831947.82318537
"101","DE","00-04",2024-11-14,2024-11-17,1,192937,130908.586626623,149098.875712002,167508.819724635,190641.386048288,216968.504310148,243758.632658065,277629.901987047
"102","DE","00-04",2024-11-14,2024-11-24,2,184791,125223.639366643,144999.911600601,165329.972700608,191277.900292579,221298.259128082,252325.91341929,292175.146205532
"103","DE","00-04",2024-11-14,2024-12-01,3,186254,127951.303495096,150382.081169345,173767.856185623,204039.94369464,239585.729701581,276843.479616629,325376.119552447
"104","DE","00-04",2024-11-14,2024-12-08,4,195270,123938.438674879,147761.763403449,172936.841611061,205969.098001704,245310.76742483,287105.867949092,342293.075378515
"105","DE","05-14",2024-11-14,2024-11-17,1,181000,81021.0822790096,98935.3599958866,118298.958001471,144288.8584516,175988.656409018,210433.101715416,256961.201796479
"106","DE","05-14",2024-11-14,2024-11-24,2,176497,74807.6446164881,93761.1180751981,114758.418044727,143646.238056575,179805.909312588,220072.479204623,275830.656259672
"107","DE","05-14",2024-11-14,2024-12-01,3,175672,78116.3188961162,98427.7686219797,121042.166390395,152311.316399121,191658.310447044,235693.010499201,296976.834431795
"108","DE","05-14",2024-11-14,2024-12-08,4,179649,78872.7475597696,99958.2344640695,123563.094019529,156381.526689374,197916.554969352,244653.999951249,310058.704005047
"109","DE","15-34",2024-11-14,2024-11-17,1,398352,200033.776790506,236731.901681503,275243.123662083,325422.027912505,384748.926119224,447339.355188231,529408.072725611
"110","DE","15-34",2024-11-14,2024-11-24,2,419158,198761.775640572,239934.883110772,283958.534370442,342407.052246157,412886.302881646,488643.368183252,589864.872408447
"111","DE","15-34",2024-11-14,2024-12-01,3,390597,193215.164812858,235941.758108012,282126.078853146,344116.229675711,419727.165980516,501886.484511219,612871.042709925
"112","DE","15-34",2024-11-14,2024-12-08,4,401567,187370.805180915,232963.684482359,283091.359156391,351532.923949605,436521.259387118,530449.185224475,659523.219218923
"113","DE","35-59",2024-11-14,2024-11-17,1,466565,264483.860334627,310709.998000696,358883.754791197,421216.483465823,494375.472767057,571025.480624916,670828.555356221
"114","DE","35-59",2024-11-14,2024-11-24,2,497822,254958.666471255,306587.239933105,361589.386518537,434347.087162296,521744.827586913,615346.523121886,739952.850936491
"115","DE","35-59",2024-11-14,2024-12-01,3,469719,244775.85071647,300511.854662698,361064.237958475,442753.872099261,542925.525849042,652323.654515789,800859.197037195
"116","DE","35-59",2024-11-14,2024-12-08,4,465705,229898.790875076,290425.302908655,357978.876207967,451614.930019213,569743.240653592,702266.78933828,887155.796861433
"117","DE","60+",2024-11-14,2024-11-17,1,154380,99040.2917380093,114310.308822665,129959.909940116,149872.798037848,172836.80484269,196498.949421435,226795.12749328
"118","DE","60+",2024-11-14,2024-11-24,2,154140,95227.0581119594,110531.109861055,126299.451908431,146470.911941534,169863.983737149,194096.739569099,225290.253320241
"119","DE","60+",2024-11-14,2024-12-01,3,141857,92521.5092499256,109766.75927846,127906.374171888,151597.18084682,179675.996520855,209368.531892271,248393.108013658
"120","DE","60+",2024-11-14,2024-12-08,4,151249,83948.7185435351,102168.557336064,121800.442684165,148067.18591042,179998.455344541,214585.505708146,261158.144207543
"121","DE","00+",2024-11-21,2024-11-24,1,1410858,1087862.6172941,1250997.37605247,1417609.47054769,1628876.20217612,1871628.07327368,2120897.87940883,2438945.54315621
"122","DE","00+",2024-11-21,2024-12-01,2,1342684,993979.470504285,1178917.3889688,1373394.78397487,1627319.62632806,1928192.24095799,2246272.03823744,2664209.11579692
"123","DE","00+",2024-11-21,2024-12-08,3,1372614,991353.249962766,1199821.03002536,1423268.80177958,1720662.50632881,2080196.97824042,2467600.90596441,2986503.00566114
"124","DE","00+",2024-11-21,2024-12-15,4,1448270,801640.355203921,996707.789145941,1211178.09750114,1504005.30216601,1867629.50354734,2269503.63343881,2821754.08742747
"125","DE","00-04",2024-11-21,2024-11-24,1,184791,144785.361370821,164903.885652029,185265.34906228,210850.049507922,239967.935733887,269597.912758136,307059.65683664
"126","DE","00-04",2024-11-21,2024-12-01,2,186254,143826.208328512,166540.340138358,189890.528791954,219693.14480289,254173.17114464,289810.131486979,335579.157889929
"127","DE","00-04",2024-11-21,2024-12-08,3,195270,143738.372013477,168936.735592605,195207.927345193,229215.088328608,269146.634729564,311001.372988479,365522.135679718
"128","DE","00-04",2024-11-21,2024-12-15,4,215003,141662.280072487,168892.464154519,197667.709494254,235423.750366391,280391.483153134,328163.500450022,391242.765598696
"129","DE","05-14",2024-11-21,2024-11-24,1,176497,95912.4111187165,117119.25655876,140041.801165773,170808.534302256,208334.619717927,249109.806941502,304189.573071754
"130","DE","05-14",2024-11-21,2024-12-01,2,175672,91812.2834939924,115074.099680134,140844.327673462,176298.68175784,220677.862594592,270097.487409826,338530.140050222
"131","DE","05-14",2024-11-21,2024-12-08,3,179649,91779.6522128671,115643.779684849,142213.664076724,178952.104307239,225181.285102901,276918.099038789,348921.082874829
"132","DE","05-14",2024-11-21,2024-12-15,4,191280,94840.2522110075,120194.420258473,148577.998907723,188040.405478756,237984.051155349,294183.324122505,372828.97575963
"133","DE","15-34",2024-11-21,2024-11-24,1,419158,255465.551914448,302333.170373316,351516.317019956,415600.40159044,491367.499712197,571302.492508048,676113.442723496
"134","DE","15-34",2024-11-21,2024-12-01,2,390597,242870.173360413,293180.247904913,346973.447220707,418392.62036597,504512.337122309,597081.099520311,720765.264645856
"135","DE","15-34",2024-11-21,2024-12-08,3,401567,249622.236757536,304822.395594427,364489.727911194,444577.230981946,542261.96013878,648406.800695022,791792.097030024
"136","DE","15-34",2024-11-21,2024-12-15,4,422563,244288.603707911,303731.27308652,369086.27671913,458318.397394362,569123.716160235,691584.212766593,859867.1825121
"137","DE","35-59",2024-11-21,2024-11-24,1,497822,349423.73809741,410495.554731692,474140.474896706,556491.568198743,653145.811995405,754412.226653005,886267.393172828
"138","DE","35-59",2024-11-21,2024-12-01,2,469719,331540.009775956,398676.13810282,470199.151887835,564810.914321993,678460.111330327,800176.731056254,962210.772548457
"139","DE","35-59",2024-11-21,2024-12-08,3,465705,335956.569963243,412454.6258557,495563.196148088,607682.791308968,745169.087864848,895318.785883259,1099184.85860676
"140","DE","35-59",2024-11-21,2024-12-15,4,482911,341438.246190976,431330.263622384,531658.645096057,670723.88276809,846164.227865084,1042983.91477893,1317575.08695695
"141","DE","60+",2024-11-21,2024-11-24,1,154140,114413.274602828,132053.495842464,150132.219952163,173135.976242461,199664.4443077,226999.414731062,261998.14989553
"142","DE","60+",2024-11-21,2024-12-01,2,141857,111598.823225893,129534.000471201,148013.290408328,171652.697600722,199067.587189773,227466.522198207,264022.932696738
"143","DE","60+",2024-11-21,2024-12-08,3,151249,111443.764584001,132215.967717661,154065.448862277,182601.436907547,216422.85799269,252188.032476556,299193.812100344
"144","DE","60+",2024-11-21,2024-12-15,4,158956,116638.371837314,141953.020694007,169229.567409985,205724.587423786,250089.901655034,298145.158614959,362853.194913576
"145","DE","00+",2024-11-28,2024-12-01,1,1342684,1026668.3909353,1180626.52647328,1337866.39136656,1537248.98984083,1766345.6321321,2001593.56390687,2301750.47525698
"146","DE","00+",2024-11-28,2024-12-08,2,1372614,973769.390441119,1154947.06007777,1345470.24492137,1594232.16233873,1888987.28680822,2200599.72901621,2610039.10410849
"147","DE","00+",2024-11-28,2024-12-15,3,1448270,912367.232074261,1104225.35275881,1309869.93508727,1583568.81191658,1914457.39374712,2270994.93396854,2748553.53624841
"148","DE","00+",2024-11-28,2024-12-22,4,1393399,825044.312964808,1025806.75708797,1246538.54417878,1547914.86377371,1922155.10437353,2335761.98337139,2904135.43592753
"149","DE","00-04",2024-11-28,2024-12-01,1,186254,153274.537931642,174572.6683771,196127.98216207,223212.786190577,254037.936707004,285405.20335826,325063.435788539
"150","DE","00-04",2024-11-28,2024-12-08,2,195270,151791.638425145,175763.731709744,200407.108146186,231860.262381627,268249.872816201,305860.490948467,354164.312536805
"151","DE","00-04",2024-11-28,2024-12-15,3,215003,141246.307414192,166007.794264053,191823.509124629,225241.070818573,264480.303874201,305609.385441265,359184.894191433
"152","DE","00-04",2024-11-28,2024-12-22,4,215043,135755.954767568,161850.830811222,189426.349875068,225608.228171941,268701.121319457,314481.379945771,374930.681354114
"153","DE","05-14",2024-11-28,2024-12-01,1,175672,109545.428051903,133766.620432153,159947.381938671,195087.307125443,237947.360814259,284518.344550393,347427.164038506
"154","DE","05-14",2024-11-28,2024-12-08,2,179649,103973.037047238,130315.935666745,159499.491155172,199649.858082295,249907.166120686,305872.536833975,383369.255763597
"155","DE","05-14",2024-11-28,2024-12-15,3,191280,95089.1691319244,119813.822131328,147341.799954722,185405.005387449,233301.181560719,286903.592684335,361502.959133325
"156","DE","05-14",2024-11-28,2024-12-22,4,194282,89997.5402804329,114057.079420543,140991.342069965,178438.727986207,225832.162300685,279161.800452002,353791.665262416
"157","DE","15-34",2024-11-28,2024-12-01,1,390597,259547.291043671,307163.74389811,357132.72163885,422240.719271553,499218.397554875,580430.563673876,686916.146549029
"158","DE","15-34",2024-11-28,2024-12-08,2,401567,255579.840163408,308522.696969506,365130.954347437,440287.572406015,530914.029903701,628327.018787672,758483.714095915
"159","DE","15-34",2024-11-28,2024-12-15,3,422563,240781.394741421,294026.535908891,351580.63718748,428831.690383771,523056.730736111,625442.25169658,763749.2875016
"160","DE","15-34",2024-11-28,2024-12-22,4,387003,230176.148898301,286184.839071024,347764.310315517,431841.527112791,536245.666986105,651631.669743434,810192.999716502
"161","DE","35-59",2024-11-28,2024-12-01,1,469719,340806.004931668,400371.62561439,462446.890144892,542766.983057979,637037.472142064,735806.383496304,864409.645472436
"162","DE","35-59",2024-11-28,2024-12-08,2,465705,335529.110162,403473.022610023,475856.603667428,571606.737962966,686623.365876444,809804.484005037,973788.12445486
"163","DE","35-59",2024-11-28,2024-12-15,3,482911,315695.58324799,387580.167540981,465676.597011708,571034.444282608,700229.169019092,841323.586358863,1032894.83242786
"164","DE","35-59",2024-11-28,2024-12-22,4,445344,295760.559422226,373626.802175344,460533.229799106,580994.28812782,732964.183679864,903453.287804383,1141309.59008386
"165","DE","60+",2024-11-28,2024-12-01,1,141857,111934.561156412,129192.61473468,146879.67121053,169385.061203448,195338.801635601,222081.571905782,256322.074813015
"166","DE","60+",2024-11-28,2024-12-08,2,151249,114813.549573289,133265.369245185,152276.975371004,176597.341581975,204801.947095668,234018.944534965,271628.402481479
"167","DE","60+",2024-11-28,2024-12-15,3,158956,107994.21992424,128123.456242675,149296.625336256,176949.332333545,209723.87113752,244381.997891019,289932.796729795
"168","DE","60+",2024-11-28,2024-12-22,4,170999,102811.039740395,125124.668854232,149167.615306782,181336.196656656,220442.058755673,262800.425519681,319837.405602868
"169","DE","00+",2024-12-05,2024-12-08,1,1372614,971271.166382137,1116921.99112582,1265677.46886828,1454301.73224897,1671036.72179097,1893591.08803158,2177552.05922608
"170","DE","00+",2024-12-05,2024-12-15,2,1448270,1003068.54997932,1189697.56518049,1385953.28715584,1642200.05178341,1945823.88531411,2266812.24624369,2688570.99560447
"171","DE","00+",2024-12-05,2024-12-22,3,1393399,940321.789809368,1138058.36461094,1350003.81258595,1632088.71072925,1973115.58297563,2340577.28717672,2832768.08913454
"172","DE","00+",2024-12-05,2024-12-29,4,441464,896645.460458484,1114830.9946472,1354718.90341011,1682250.04883842,2088968.58211195,2538470.17207523,3156169.692054
"173","DE","00-04",2024-12-05,2024-12-08,1,195270,144079.238606201,164099.644211245,184361.804123554,209821.727179827,238797.604558163,268283.075251842,305562.117225342
"174","DE","00-04",2024-12-05,2024-12-15,2,215003,133219.416581707,154258.442938823,175886.61867714,203491.372801764,235428.590964938,268437.422392294,310831.107561182
"175","DE","00-04",2024-12-05,2024-12-22,3,215043,131575.238692311,154641.318098502,178689.443015723,209818.919862875,246371.460951667,284684.453506673,334591.672186692
"176","DE","00-04",2024-12-05,2024-12-29,4,88184,130423.700395171,155493.615750218,181986.017080106,216746.735037601,258147.015376356,302129.106219551,360204.065726687
"177","DE","05-14",2024-12-05,2024-12-08,1,179649,104855.858877424,128040.157622079,153100.137601619,186735.745238312,227760.987651386,272338.297588092,332554.031057732
"178","DE","05-14",2024-12-05,2024-12-15,2,191280,89809.852430588,112564.327098256,137772.504970609,172453.597599659,215864.866007985,264206.64602832,331146.778668305
"179","DE","05-14",2024-12-05,2024-12-22,3,194282,81966.7780727878,103279.406670027,127008.498738466,159818.94750908,201105.408194028,247310.638262241,311615.224893044
"180","DE","05-14",2024-12-05,2024-12-29,4,54930,83896.4786193794,106324.987273845,131433.33782937,166342.112025688,210522.677808639,260237.023700757,329807.623496309
"181","DE","15-34",2024-12-05,2024-12-08,1,401567,254291.316981974,300943.510721603,349900.589436779,413690.114642393,489108.952998087,568676.528503565,673005.7203053
"182","DE","15-34",2024-12-05,2024-12-15,2,422563,236092.176971006,284998.203011339,337290.147126907,406716.161165743,490432.457521978,580417.820202245,700650.220077869
"183","DE","15-34",2024-12-05,2024-12-22,3,387003,225086.862783901,274861.397052806,328664.026242893,400879.727249936,488963.022686327,584674.885026173,713966.838101389
"184","DE","15-34",2024-12-05,2024-12-29,4,103087,224200.124001601,278754.669909134,338735.363630221,420629.697695158,522323.210328475,634713.465574566,789158.094229498
"185","DE","35-59",2024-12-05,2024-12-08,1,465705,334714.223713911,393215.130970085,454180.82311899,533065.224094916,625650.663072838,722654.116687545,848958.642947428
"186","DE","35-59",2024-12-05,2024-12-15,2,482911,313405.322056253,376869.21570248,444480.039460597,533916.695676011,641349.470422869,756408.393267749,909579.441890981
"187","DE","35-59",2024-12-05,2024-12-22,3,445344,300449.555756884,368862.585785345,443187.469584074,543457.223384138,666412.689703467,800693.171468112,983012.781977228
"188","DE","35-59",2024-12-05,2024-12-29,4,135352,289448.940255976,365653.494002539,450705.312359494,568595.695524422,717322.507863027,884173.323301147,1116953.70065265
"189","DE","60+",2024-12-05,2024-12-08,1,151249,117218.313670925,135291.015406543,153812.970667567,177380.703780758,204559.563066754,232564.697509362,268421.487124338
"190","DE","60+",2024-12-05,2024-12-15,2,158956,111381.942618975,129282.264728595,147725.642104092,171319.108588234,198680.72021502,227024.464872136,263509.831821403
"191","DE","60+",2024-12-05,2024-12-22,3,170999,103209.06647887,122446.389465374,142681.389246666,169108.822833446,200431.143200283,233553.590963176,277086.063616016
"192","DE","60+",2024-12-05,2024-12-29,4,66232,103604.062128058,126089.805126571,150318.204375342,182734.914771028,222142.415917872,264827.509590134,322304.438556678
"193","DE","00+",2024-12-12,2024-12-15,1,1448270,1008386.41262469,1159603.00150603,1314042.88168669,1509875.05592174,1734892.15326706,1965951.00351922,2260762.99318718
"194","DE","00+",2024-12-12,2024-12-22,2,1393399,908370.542136991,1077380.2271882,1255107.77788442,1487162.71820769,1762121.93836834,2052806.330221,2434747.54831199
"195","DE","00+",2024-12-12,2024-12-29,3,441464,893259.084382205,1081099.02776152,1282436.69625851,1550403.36529062,1874361.98770464,2223432.38998335,2690989.25175438
"196","DE","00+",2024-12-12,2025-01-05,4,812261,544662.180485079,677197.74112993,822916.285661457,1021873.21536536,1268932.07301371,1541979.25489062,1917197.31182941
"197","DE","00-04",2024-12-12,2024-12-15,1,215003,130436.153651241,148560.796222383,166904.301013185,189953.384752402,216185.491685104,242878.937757454,276627.969844698
"198","DE","00-04",2024-12-12,2024-12-22,2,215043,127418.48363512,147541.382416461,168227.776540399,194630.50372486,225177.041266404,256748.529529614,297296.215584156
"199","DE","00-04",2024-12-12,2024-12-29,3,88184,122643.194668427,144143.422940604,166559.030124342,195575.268489826,229646.423951392,265358.521842712,311877.766624375
"200","DE","00-04",2024-12-12,2025-01-05,4,106177,115753.532779063,138003.562950161,161516.076676146,192366.87981488,229110.421768793,268145.37000814,319688.009180191
"201","DE","05-14",2024-12-12,2024-12-15,1,191280,86495.046334242,105619.652394549,126291.498037427,154037.333817735,187878.840447713,224650.428890268,274322.070630339
"202","DE","05-14",2024-12-12,2024-12-22,2,194282,73579.2706463265,92221.5198503472,112874.035047431,141287.504525464,176853.418296287,216458.793646285,271301.397250663
"203","DE","05-14",2024-12-12,2024-12-29,3,54930,74454.3362683925,93813.6139373658,115367.880699423,145171.177148562,182673.639724793,224644.055272934,283054.980152257
"204","DE","05-14",2024-12-12,2025-01-05,4,72490,72623.6348685562,92038.5119882253,113773.151068475,143991.368956307,182235.56383204,225269.986291868,285492.654993621
"205","DE","15-34",2024-12-12,2024-12-15,1,422563,223192.4354562,264139.239553567,307109.049773378,363097.353488226,429292.748642352,499129.505835566,590699.625821444
"206","DE","15-34",2024-12-12,2024-12-22,2,387003,198068.548753341,239098.05564925,282968.164415002,341212.829794533,411446.268017776,486939.113328413,587807.584541759
"207","DE","15-34",2024-12-12,2024-12-29,3,103087,189212.179926875,231053.574033053,276281.059231188,336986.913155718,411031.360435004,491488.522146703,600173.729207638
"208","DE","15-34",2024-12-12,2025-01-05,4,207498,178520.869229883,221960.296389989,269720.330546007,334929.249441032,415903.398546364,505394.901500918,628372.484489089
"209","DE","35-59",2024-12-12,2024-12-15,1,482911,288386.239524674,338790.003264364,391317.399631808,459283.366247103,539054.002479178,622631.15345428,731453.799109656
"210","DE","35-59",2024-12-12,2024-12-22,2,445344,263014.993100723,316274.955120486,373015.090315394,448071.829502569,538231.212640819,634790.586935016,763334.295231198
"211","DE","35-59",2024-12-12,2024-12-29,3,135352,240052.619004514,294713.132617174,354097.087997451,434210.426644289,532449.153063841,639736.318949598,785405.697252859
"212","DE","35-59",2024-12-12,2025-01-05,4,291639,223825.218170826,282752.712784733,348521.624506211,439683.957692842,554691.499921536,683713.980136494,863718.504252256
"213","DE","60+",2024-12-12,2024-12-15,1,158956,107597.483652166,124186.847281878,141188.59142912,162821.975317273,187770.097979397,213476.67829947,246390.480022021
"214","DE","60+",2024-12-12,2024-12-22,2,170999,101407.119586457,117704.376234387,134496.054769688,155976.605574957,180887.844839364,206693.262094518,239911.177695406
"215","DE","60+",2024-12-12,2024-12-29,3,66232,96798.9189173126,114841.443004458,133819.679800371,158605.748391381,187982.69029127,219047.956597109,259876.698047407
"216","DE","60+",2024-12-12,2025-01-05,4,145228,83998.7119279924,102229.401051787,121872.977637215,148155.363310614,180105.648546962,214713.296291158,261313.669863372
"217","DE","00+",2024-12-19,2024-12-22,1,1393399,1089700.83651983,1253111.25274189,1420004.88053963,1631628.60078194,1874790.66260528,2124481.67316712,2443066.75893902
"218","DE","00+",2024-12-19,2024-12-29,2,441464,1028952.13022648,1220396.99484443,1421716.97761114,1684576.03578081,1996034.69960332,2325305.9720036,2757947.95206107
"219","DE","00+",2024-12-19,2025-01-05,3,812261,905200.143056192,1095551.12474951,1299580.26871519,1571129.10754947,1899418.39839533,2253155.16257042,2726962.30941266
"220","DE","00+",2024-12-19,2025-01-12,4,1437462,632852.533377432,786847.924138716,956160.854925868,1187332.39851271,1474394.41522341,1791652.72133248,2227625.15784568
"221","DE","00-04",2024-12-19,2024-12-22,1,215043,143064.085544648,162943.431436717,183062.828284286,208343.365892056,237115.08512161,266392.807175473,303409.188588318
"222","DE","00-04",2024-12-19,2024-12-29,2,88184,126898.544115972,146939.330082769,167541.312012284,193836.301128571,224258.191510708,255700.85023555,296083.078785118
"223","DE","00-04",2024-12-19,2025-01-05,3,106177,120045.725563891,141090.598943948,163031.464359286,191433.165710401,224782.725702227,259738.474485211,305272.484811645
"224","DE","00-04",2024-12-19,2025-01-12,4,161341,113598.682769019,135434.509791526,158509.318168722,188785.807488626,224845.33730185,263153.616932592,313736.74624027
"225","DE","05-14",2024-12-19,2024-12-22,1,194282,105429.649612386,128740.817145859,153937.92999031,187757.597919231,229007.338078527,273828.583334681,334373.82848191
"226","DE","05-14",2024-12-19,2024-12-29,2,54930,79377.9246918992,99489.3370558141,121769.440971118,152422.126444231,190790.927875669,233517.533811162,292682.187396014
"227","DE","05-14",2024-12-19,2025-01-05,3,72490,68946.0058645374,86873.0325307447,106832.657141803,134431.026219431,169158.956576565,208024.288826497,262113.81767228
"228","DE","05-14",2024-12-19,2025-01-12,4,138376,70459.9276957067,89296.3690353456,110383.458670262,139701.372202453,176806.141339964,218558.420751949,276986.849596747
"229","DE","15-34",2024-12-19,2024-12-22,1,387003,232710.102795349,275403.014726539,320205.200485702,378581.031575984,447599.218412868,520414.04707007,615889.021351077
"230","DE","15-34",2024-12-19,2024-12-29,2,103087,204137.434718541,246424.099301154,291638.402736156,351667.703962693,424053.118005436,501859.089111472,605818.203706268
"231","DE","15-34",2024-12-19,2025-01-05,3,207498,188906.626237423,230680.451795182,275834.900336944,336442.722001366,410367.596882838,490694.830475674,599204.524702187
"232","DE","15-34",2024-12-19,2025-01-12,4,413862,182343.760481659,226713.410571941,275496.190234112,342101.509486457,424809.659594418,516217.556330993,641828.612527076
"233","DE","35-59",2024-12-19,2024-12-22,1,445344,299910.265468718,352328.183149911,406954.594642033,477636.507634928,560594.809419377,647511.735751839,760682.976520141
"234","DE","35-59",2024-12-19,2024-12-29,2,135352,266558.452478549,320535.957288009,378040.521771853,454108.459990712,545482.511950362,643342.778700635,773618.287162477
"235","DE","35-59",2024-12-19,2025-01-05,3,291639,244251.460160212,299868.059214056,360290.719345287,441805.34736287,541762.400411327,650926.162226208,799143.492654635
"236","DE","35-59",2024-12-19,2025-01-12,4,510153,227935.856831835,287945.578191843,354922.361990581,447758.927483505,564878.628714014,696270.657810217,879581.036208324
"237","DE","60+",2024-12-19,2024-12-22,1,170999,111055.568493839,128178.099117365,145726.263791575,168054.924877284,193804.857413372,220337.623743738,254309.244989156
"238","DE","60+",2024-12-19,2024-12-29,2,66232,103132.235420972,119706.737449868,136784.072363611,158630.045621263,183965.069463001,210209.482856736,243992.49440381
"239","DE","60+",2024-12-19,2025-01-05,3,145228,97021.9815861013,115106.082724102,134128.05281989,158971.238232767,188415.876126932,219552.728988555,260475.555870107
"240","DE","60+",2024-12-19,2025-01-12,4,232173,90100.2403476108,109655.176775262,130725.630488302,158917.125473509,193188.226933225,230309.717347156,280295.065488498
"241","DE","00+",2025-01-09,2025-01-12,1,1437462,712421.886417451,819255.939474605,928367.237880547,1066722.06420811,1225695.94858412,1388938.31273065,1597222.07299181
"242","DE","00+",2025-01-09,2025-01-19,2,1433305,597903.698530444,709148.516687861,826131.570367734,978873.761627188,1159856.22093542,1351189.23420652,1602588.91784288
"243","DE","00+",2025-01-09,2025-01-26,3,1853985,588864.722687709,712694.771664191,845422.949187365,1022075.07734151,1235638.87723509,1465757.15896352,1773985.47319102
"244","DE","00+",2025-01-09,2025-02-02,4,2238084,660095.012233285,820719.461038034,997320.825850052,1238443.63858111,1537862.84833144,1868778.21076908,2323518.00501104
"245","DE","00-04",2025-01-09,2025-01-12,1,161341,109417.720951179,124621.765440957,140009.404774705,159344.367836412,181349.442932373,203741.517152678,232052.24291333
"246","DE","00-04",2025-01-09,2025-01-19,2,202151,111548.747314086,129165.376294029,147275.318314518,170389.634692166,197131.657515946,224770.975345905,260268.522144699
"247","DE","00-04",2025-01-09,2025-01-26,3,297572,105137.377160534,123568.710550052,142784.763696178,167659.288573481,196867.202895531,227481.835165545,267361.026155765
"248","DE","00-04",2025-01-09,2025-02-02,4,328496,114251.661975228,136213.004018231,159420.4492332,189870.97153906,226137.775966565,264666.256302234,315540.14366113
"249","DE","05-14",2025-01-09,2025-01-12,1,138376,57157.7510081824,69795.6940772046,83456.0856974292,101791.119208093,124154.300588716,148453.741833629,181277.810390982
"250","DE","05-14",2025-01-09,2025-01-19,2,180625,59320.7187771379,74350.3815162621,91000.7510467727,113908.119081051,142581.895680334,174512.347186074,218727.28213778
"251","DE","05-14",2025-01-09,2025-01-26,3,295738,59770.0253231562,75311.155289602,92614.3660192789,116539.68552058,146645.697476442,180338.467110341,227229.254593839
"252","DE","05-14",2025-01-09,2025-02-02,4,402898,67939.2967144239,86101.8838624596,106434.604692622,134703.700214739,170481.084642954,210739.719476144,267077.931757423
"253","DE","15-34",2025-01-09,2025-01-12,1,413862,165250.898188229,195567.768655621,227382.465776909,268836.009925943,317846.848858657,369553.739502792,437351.93590645
"254","DE","15-34",2025-01-09,2025-01-19,2,410268,139659.451848613,168589.630207406,199522.735848493,240591.43701892,290113.501705306,343344.009329742,414467.03964995
"255","DE","15-34",2025-01-09,2025-01-26,3,488388,125581.990216396,153352.536210387,183370.46426269,223661.538318148,272805.568355746,326205.78021749,398341.224220452
"256","DE","15-34",2025-01-09,2025-02-02,4,564427,138643.392270049,172379.44545938,209470.980913406,260113.719551581,323000.096738594,392501.245833871,488008.450970185
"257","DE","35-59",2025-01-09,2025-01-12,1,510153,209914.196884273,246602.721284053,284837.02206438,334308.943197053,392373.395464967,453208.581477069,532419.7751291
"258","DE","35-59",2025-01-09,2025-01-19,2,478609,163445.138543827,196542.422347057,231802.386612195,278444.819389393,334472.472772689,394477.266123676,474358.05148773
"259","DE","35-59",2025-01-09,2025-01-26,3,615682,145025.174354262,178047.728117027,213923.897760936,262323.498454903,321673.354692332,386489.727048861,474494.294856178
"260","DE","35-59",2025-01-09,2025-02-02,4,755910,156983.819356485,198313.671484852,244441.873844415,308380.206450723,389042.802834671,479535.026599789,605784.418549771
"261","DE","60+",2025-01-09,2025-01-12,1,232173,97367.5929970895,112379.713644819,127765.007502814,147341.585375034,169917.751387055,193180.264272983,222964.767974466
"262","DE","60+",2025-01-09,2025-01-19,2,182318,76066.7198742819,88291.4912829641,100887.134592552,116999.958302692,135686.183358431,155043.142254332,179960.306760381
"263","DE","60+",2025-01-09,2025-01-26,3,184245,57064.0904833476,67700.3686419532,78888.2603441472,93499.9365552427,110817.986069115,129131.322490568,153200.341261648
"264","DE","60+",2025-01-09,2025-02-02,4,214832,59898.5057674001,72898.598418361,86906.2047064584,105647.868640408,128431.245915765,153109.557528197,186339.742624024
"265","DE","00+",2025-01-16,2025-01-19,1,1433305,757304.395698721,870868.983666874,986854.283218434,1133925.45009525,1302914.67366426,1476441.29081254,1697846.9076327
"266","DE","00+",2025-01-16,2025-01-26,2,1853985,785581.161995603,931744.889915147,1085448.04222798,1286134.85582401,1523926.34471031,1775317.3484172,2105629.49748367
"267","DE","00+",2025-01-16,2025-02-02,3,2238084,901116.913785637,1090609.24923802,1293718.04671561,1564041.96730874,1890850.39179386,2242991.49967059,2714661.36977306
"268","DE","00+",2025-01-16,2025-02-09,4,2095918,899569.46819671,1118466.51682281,1359136.71260156,1687735.95422394,2095780.81790455,2546748.25606018,3166462.1264773
"269","DE","00-04",2025-01-16,2025-01-19,1,202151,131087.623973633,149302.791038242,167737.913441533,190902.117058131,217265.241647227,244092.009558896,278009.602985914
"270","DE","00-04",2025-01-16,2025-01-26,2,297572,140590.608422055,162793.74961612,185618.638540958,214750.797180474,248455.140346657,283290.390438199,328029.769607387
"271","DE","00-04",2025-01-16,2025-02-02,3,328496,153911.708474647,180893.530620687,209024.112243851,245438.189946353,288195.96187958,333013.04296204,391392.608666058
"272","DE","00-04",2025-01-16,2025-02-09,4,302594,142465.578056973,169850.171287151,198788.587066983,236758.72410868,281981.447067091,330024.356271054,393461.313294594
"273","DE","05-14",2025-01-16,2025-01-19,1,180625,71807.8877934939,87685.0694851072,104846.764117561,127881.260853362,155976.362409325,186504.007734445,227741.232613271
"274","DE","05-14",2025-01-16,2025-01-26,2,295738,76462.1922594393,95834.8665230618,117296.57134521,146823.313685861,183782.74142603,224939.901559827,281931.30231674
"275","DE","05-14",2025-01-16,2025-02-02,3,402898,94738.4148126877,119371.866270314,146798.30196005,184721.104086791,232440.606188545,285845.29471773,360169.487345839
"276","DE","05-14",2025-01-16,2025-02-09,4,341439,92752.6802097239,117548.766112764,145307.580880613,183901.362441269,232745.675778208,287707.920943312,364622.467310756
"277","DE","15-34",2025-01-16,2025-01-19,1,410268,171753.383649492,203263.197765642,236329.77676929,279414.483417906,330353.858117132,384095.371921243,454561.370988899
"278","DE","15-34",2025-01-16,2025-01-26,2,488388,165746.410992868,200080.451180504,236791.545009163,285531.460088563,344303.740647293,407477.16340741,491885.24935128
"279","DE","15-34",2025-01-16,2025-02-02,3,564427,190249.525458188,232320.312741998,277795.755178832,338834.425660507,413284.81761277,494183.081357097,603464.149180845
"280","DE","15-34",2025-01-16,2025-02-09,4,551753,184708.880691708,229654.034741458,279069.559597524,346538.794271183,430319.72425842,522913.24239141,650153.557778102
"281","DE","35-59",2025-01-16,2025-01-19,1,478609,212623.761558039,249785.860071059,288513.68778886,338624.190646038,397438.136711903,459058.58105044,539292.229854491
"282","DE","35-59",2025-01-16,2025-01-26,2,615682,203658.622373219,244899.048877882,288834.254361167,346952.432045555,416764.937969594,491533.10579965,591067.486854193
"283","DE","35-59",2025-01-16,2025-02-02,3,755910,238212.092020418,292453.513557824,351382.161377813,430881.256521801,528366.768801852,634831.344521009,779383.849271146
"284","DE","35-59",2025-01-16,2025-02-09,4,733543,225589.680632942,284981.713394438,351269.095629897,443150.081147937,559064.252633071,689103.844882897,870527.383479731
"285","DE","60+",2025-01-16,2025-01-19,1,182318,91677.5357371879,105812.364223853,120298.55808032,138731.101827662,159987.941014779,181891.017703757,209934.94708988
"286","DE","60+",2025-01-16,2025-01-26,2,184245,80741.1435594408,93717.1470590143,107086.813141156,124189.796081377,144024.320066413,164570.795577269,191019.160378619
"287","DE","60+",2025-01-16,2025-02-02,3,214832,86283.32778553,102365.831983943,119282.399282095,141375.874133603,167561.500333104,195252.042597333,231645.420963842
"288","DE","60+",2025-01-16,2025-02-09,4,196769,86054.0166157653,104730.779494233,124855.000771871,151780.471431224,184512.525453244,219966.963094677,267707.568035403
"289","DE","00+",2025-01-23,2025-01-26,1,1853985,866770.144575511,996750.10361298,1129500.67977751,1297830.47860179,1491246.51391936,1689855.80747105,1943264.84562139
"290","DE","00+",2025-01-23,2025-02-02,2,2238084,963140.845466533,1142340.9883612,1330784.64158398,1576831.36046132,1868369.2775225,2176580.51725981,2581550.92376953
"291","DE","00+",2025-01-23,2025-02-09,3,2095918,977902.14624672,1183541.34655616,1403957.28364084,1697315.82356582,2051971.97841803,2434119.44441962,2945980.85911152
"292","DE","00+",2025-01-23,2025-02-16,4,2246398,967838.394857544,1203347.68643681,1462282.50382172,1815819.36095932,2254831.02137747,2740022.6790629,3406767.04825297
"293","DE","00-04",2025-01-23,2025-01-26,1,297572,170659.47534418,194373.314685551,218373.50800574,248530.365809262,282851.813360354,317776.865765808,361933.274461997
"294","DE","00-04",2025-01-23,2025-02-02,2,328496,186374.684015993,215808.395631947,246066.330417294,284685.530675993,329365.87154703,375545.405168074,434854.399910436
"295","DE","00-04",2025-01-23,2025-02-09,3,302594,181261.070017589,213037.430644637,246166.679717145,289051.361808413,339406.9817219,392187.839998254,460941.170407912
"296","DE","00-04",2025-01-23,2025-02-16,4,298996,167891.722669005,200163.704397573,234266.822798882,279013.573591972,332307.295239136,388924.527965054,463683.218034752
"297","DE","05-14",2025-01-23,2025-01-26,1,295738,98366.1393403752,120115.519730188,143624.492036792,175178.330830453,213664.4464837,255482.785750551,311971.658116583
"298","DE","05-14",2025-01-23,2025-02-02,2,402898,115212.513656543,144403.077413703,176741.372809741,221231.99104382,276922.109878029,338937.332484914,424811.440249601
"299","DE","05-14",2025-01-23,2025-02-09,3,341439,119303.260048576,150323.950767897,184861.822187507,232617.676376566,292710.42945767,359962.488255653,453558.296234322
"300","DE","05-14",2025-01-23,2025-02-16,4,338062,111947.444479574,141874.972650888,175378.353556067,221958.95056684,280911.382378689,347247.825435438,440079.503071836
"301","DE","15-34",2025-01-23,2025-01-26,1,488388,199100.640838157,235627.57294227,273959.144233974,323903.969318582,382954.113956248,445252.565437397,526938.441276111
"302","DE","15-34",2025-01-23,2025-02-02,2,564427,228175.885464947,275442.067426137,325980.635896868,393078.760158557,473988.006258972,560956.113681591,677157.059664503
"303","DE","15-34",2025-01-23,2025-02-09,3,551753,235094.689117106,287082.301877659,343277.106970615,418703.667044555,510703.327535224,610670.73675363,745711.276826124
"304","DE","15-34",2025-01-23,2025-02-16,4,626468,246389.32002458,306343.156046147,372260.168386586,462259.624782879,574017.794142565,697531.367967689,867261.457124401
"305","DE","35-59",2025-01-23,2025-01-26,1,615682,255453.804154531,300101.680600482,346630.680203628,406835.233491377,477496.415241581,551529.424556371,647925.004514158
"306","DE","35-59",2025-01-23,2025-02-02,2,755910,297619.531058506,357886.836483354,422092.19690719,507024.052906414,609045.58792915,718309.152556951,863765.188095504
"307","DE","35-59",2025-01-23,2025-02-09,3,733543,308303.82433467,378505.288733453,454773.152936654,557664.130704216,683833.864567215,821624.669274015,1008710.42824465
"308","DE","35-59",2025-01-23,2025-02-16,4,794337,316783.80173767,400184.930186129,493268.837627595,622292.504925426,785064.71957331,967672.524565702,1222436.12066706
"309","DE","60+",2025-01-23,2025-01-26,1,184245,93012.3469292857,107352.976402099,122050.087071884,140751.00589601,162317.341478589,184539.323684287,212991.568482839
"310","DE","60+",2025-01-23,2025-02-02,2,214832,105955.794756986,122984.074305127,140528.953321188,162973.02669268,189001.674044124,215964.608258761,250672.532732071
"311","DE","60+",2025-01-23,2025-02-09,3,196769,117019.249084018,138830.676772189,161773.27823547,191736.909717166,227250.40222266,264804.893288925,314162.352225431
"312","DE","60+",2025-01-23,2025-02-16,4,221094,122883.500068136,149553.56246274,178290.567939005,216739.628258602,263480.379252301,314108.642309211,382281.31874198
"313","DE","00+",2025-01-30,2025-02-02,1,2238084,1165570.51862411,1340358.27431018,1518871.75781684,1745229.63613485,2005321.69168866,2272397.26961132,2613163.62603167
"314","DE","00+",2025-01-30,2025-02-09,2,2095918,1143408.6485384,1356149.07395959,1579863.08616383,1871961.53431195,2218065.61380736,2583963.70519365,3064731.04818909
"315","DE","00+",2025-01-30,2025-02-16,3,2246398,1141471.47043748,1381507.02129267,1638790.94768303,1981218.26029174,2395196.16609002,2841263.73186334,3438741.91915548
"316","DE","00+",2025-01-30,2025-02-23,4,2149126,1098660.33540575,1366003.22927362,1659938.05850532,2061262.20942234,2559614.72430994,3110389.34970307,3867257.02118253
"317","DE","00-04",2025-01-30,2025-02-02,1,328496,204741.646354961,233191.344201258,261984.583388843,298164.026124931,339339.763145828,381239.650123124,434214.474962749
"318","DE","00-04",2025-01-30,2025-02-09,2,302594,194654.929945031,225396.321153153,256998.554079904,297333.526399669,343998.923409413,392230.119236026,454174.091281575
"319","DE","00-04",2025-01-30,2025-02-16,3,298996,181681.74322628,213531.850872388,246737.98676625,289722.196223307,340194.68215884,393098.034984113,462010.929077848
"320","DE","00-04",2025-01-30,2025-02-23,4,288556,170849.019125469,203689.449468963,238393.270689919,283928.204518211,338160.658174753,395775.164256697,471850.676893454
"321","DE","05-14",2025-01-30,2025-02-02,1,402898,145585.060385773,177774.84519015,212568.882811382,259269.582432035,316230.275501464,378122.767046044,461728.120978618
"322","DE","05-14",2025-01-30,2025-02-09,2,341439,130116.773787027,163083.522454874,199605.20341783,249851.270660716,312745.64180624,382783.352426348,479766.410078316
"323","DE","05-14",2025-01-30,2025-02-16,3,338062,120435.78143505,151750.945211087,186616.677562661,234825.868283986,295489.069549061,363379.538352286,457863.832145818
"324","DE","05-14",2025-01-30,2025-02-23,4,318026,127932.147313594,162132.954313193,200420.201345856,253651.928308813,321022.034219753,396830.496349894,502917.383048899
"325","DE","15-34",2025-01-30,2025-02-02,1,564427,265781.082478303,314541.184471818,365710.314154753,432382.071811059,511208.5954035,594371.310509181,703414.457794926
"326","DE","15-34",2025-01-30,2025-02-09,2,551753,274448.989563492,331300.553230439,392088.129544713,472793.469496401,570110.768357126,674715.639979521,814481.646130207
"327","DE","15-34",2025-01-30,2025-02-16,3,626468,286292.5886744,349601.837777883,418034.503273367,509887.131758807,621922.07843478,743659.955524612,908109.037460637
"328","DE","15-34",2025-01-30,2025-02-23,4,610579,278416.373097159,346163.341905389,420648.613829491,522346.699720845,648631.817005953,788200.371557052,979992.920940908
"329","DE","35-59",2025-01-30,2025-02-02,1,755910,358728.108384818,421426.13049439,486765.772109504,571309.690288944,670537.619774593,774500.531884778,909866.705699893
"330","DE","35-59",2025-01-30,2025-02-09,2,733543,375371.691776797,451383.640037366,532362.447704046,639482.482329412,768156.820545548,905965.145684796,1089421.11023478
"331","DE","35-59",2025-01-30,2025-02-16,3,794337,389023.542868992,477605.066156748,573841.286396342,703671.050223537,862874.384713936,1036741.40416297,1272809.72064317
"332","DE","35-59",2025-01-30,2025-02-23,4,729815,379956.420362862,479989.294662861,591635.875298748,746389.276513273,941621.317018176,1160644.53580221,1466212.76082656
"333","DE","60+",2025-01-30,2025-02-02,1,214832,125172.775287515,144471.894702776,164250.754090588,189417.798971436,218441.021874367,248346.59115531,286636.630727177
"334","DE","60+",2025-01-30,2025-02-09,2,196769,142281.12464607,165147.290394285,188707.163867083,218845.845835908,253798.018359112,290004.783761752,336611.791330517
"335","DE","60+",2025-01-30,2025-02-16,3,221094,148023.490452578,175613.854289548,204635.096309474,242537.589730629,287460.379442347,334964.930132188,397399.644154372
"336","DE","60+",2025-01-30,2025-02-23,4,231932,145296.33845009,176830.778875557,210809.15409604,256270.975074337,311536.816070291,371399.216149864,452005.971837419
"337","DE","00+",2025-02-06,2025-02-09,1,2095918,1465295.81896694,1685030.07229701,1909448.12065354,2194013.70239213,2520988.17151252,2856741.96883764,3285136.05510602
"338","DE","00+",2025-02-06,2025-02-16,2,2246398,1365927.89368005,1620069.82409803,1887320.91570684,2236264.76752762,2649724.3096638,3086829.98479376,3661159.66561904
"339","DE","00+",2025-02-06,2025-02-23,3,2149126,1066621.883105,1290917.60831238,1531330.68316037,1851304.04601744,2238136.22262645,2654953.84734978,3213253.66101001
"340","DE","00+",2025-02-06,2025-03-02,4,1957077,799604.633850025,994176.704830153,1208102.37769681,1500185.96386784,1862886.76169701,2263740.35445797,2814588.39895642
"341","DE","00-04",2025-02-06,2025-02-09,1,302594,189229.922324639,215524.202015448,242135.995521765,275574.395869632,313630.559121419,352356.008971416,401317.332512716
"342","DE","00-04",2025-02-06,2025-02-16,2,298996,179486.06524507,207831.873643878,236971.440993046,274163.232002335,317192.137022841,361664.822936462,418781.690262893
"343","DE","00-04",2025-02-06,2025-02-23,3,288556,148618.435242454,174672.308772128,201835.434077722,236997.172600261,278284.435422223,321560.184412474,377931.982185704
"344","DE","00-04",2025-02-06,2025-03-02,4,260559,131139.435449172,156346.928692027,182984.714183221,217936.190908249,259563.666394773,303787.120763688,362180.782195037
"345","DE","05-14",2025-02-06,2025-02-09,1,341439,135993.481250683,166062.506771967,198564.209146787,242188.12702288,295396.079297908,353210.908416518,431308.09161896
"346","DE","05-14",2025-02-06,2025-02-16,2,338062,127839.2787182,160228.994884079,196111.419693677,245478.006397329,307271.507793536,376083.315434906,471368.833030097
"347","DE","05-14",2025-02-06,2025-02-23,3,318026,106935.157889608,134739.950973759,165697.300604633,208502.332133368,262365.303154719,322645.378678517,406538.161658037
"348","DE","05-14",2025-02-06,2025-03-02,4,264671,92684.3966674724,117462.227954305,145200.60697629,183765.976203114,232574.330873135,287496.113414609,364354.036106437
"349","DE","15-34",2025-02-06,2025-02-09,1,551753,312954.713365552,370369.272749406,430620.439475672,509125.80416283,601943.290894562,699866.6021623,828263.877788845
"350","DE","15-34",2025-02-06,2025-02-16,2,626468,306274.559532329,369718.726874728,437555.333561834,527619.401514585,636221.779285589,752956.809106761,908930.318207589
"351","DE","15-34",2025-02-06,2025-02-23,3,610579,241605.08333176,295032.370695856,352783.358684073,430298.679853302,524846.054457198,627581.825840966,766361.995907371
"352","DE","15-34",2025-02-06,2025-03-02,4,543809,204169.743205863,253850.302832021,308472.229955738,383049.999395036,475658.058612247,578007.197153633,718653.507285814
"353","DE","35-59",2025-02-06,2025-02-09,1,733543,472826.15038504,555466.076663199,641587.823162281,753022.010885231,883810.646659062,1020840.28656435,1199261.39536883
"354","DE","35-59",2025-02-06,2025-02-16,2,794337,453765.525305745,545652.053745614,643542.736512799,773034.064301713,928581.165889578,1095169.82565857,1316939.32492597
"355","DE","35-59",2025-02-06,2025-02-23,3,729815,350183.028515674,429920.480564648,516548.376675684,633415.802110121,776724.110420952,933232.066162236,1145731.07686985
"356","DE","35-59",2025-02-06,2025-03-02,4,688521,276755.562236915,349618.271972499,430940.261915991,543660.727384897,685865.333599982,845399.140133969,1067971.25995125
"357","DE","60+",2025-02-06,2025-02-09,1,196769,172141.136959443,198681.831218464,225882.277441362,260492.70858142,300406.264682275,341533.248450241,394190.792640528
"358","DE","60+",2025-02-06,2025-02-16,2,221094,170290.031212277,197657.54105348,225855.319212882,261926.984417489,303759.705129524,347093.992975846,402875.874046428
"359","DE","60+",2025-02-06,2025-02-23,3,231932,140265.44617262,166409.774223696,193909.986845102,229825.97649322,272394.322388642,317409.116847059,376571.571348071
"360","DE","60+",2025-02-06,2025-03-02,4,227115,117692.482601132,143235.910747365,170758.96726145,207583.808352281,252350.070869539,300839.623703296,366132.454152359
"361","DE","00+",2025-02-13,2025-02-16,1,2246398,1404418.44133995,1615023.58575945,1830117.93162583,2102860.91334405,2416250.85709191,2738055.38189139,3148651.34970112
"362","DE","00+",2025-02-13,2025-02-23,2,2149126,1011431.11996295,1199616.05893486,1397507.96241519,1655891.05312169,1962046.19476354,2285710.63165249,2710985.57844345
"363","DE","00+",2025-02-13,2025-03-02,3,1957077,752642.156056683,910912.318040372,1080555.39199557,1306338.72301105,1579299.74888796,1873419.45590256,2267373.47291189
"364","DE","00+",2025-02-13,2025-03-09,4,1563001,555057.617461367,690122.755369273,838622.487947683,1041376.71494491,1293150.9445727,1571409.51228187,1953788.99111304
"365","DE","00-04",2025-02-13,2025-02-16,1,298996,173028.466283519,197071.486705656,221404.836098212,251980.313042285,286778.190033404,322188.050753999,366957.411833313
"366","DE","00-04",2025-02-13,2025-02-23,2,288556,142622.835811084,165146.92185462,188301.742948792,217855.004899214,252046.541983115,287385.333172703,332771.416931452
"367","DE","00-04",2025-02-13,2025-03-02,3,260559,119631.041313567,140603.217581755,162468.290783056,190771.881700189,224006.23944538,258841.237585969,304217.955873493
"368","DE","00-04",2025-02-13,2025-03-09,4,225997,116863.298704395,139326.646989668,163064.582661105,194211.162259273,231306.976233379,270716.164933583,322752.95977658
"369","DE","05-14",2025-02-13,2025-02-16,1,338062,116026.312519513,141680.469764438,169410.127410349,206628.987331193,252024.711026257,301350.909384344,367981.516247309
"370","DE","05-14",2025-02-13,2025-02-23,2,318026,95339.5983048825,119495.104808256,146255.393209862,183071.859895224,229156.034180602,280474.300091837,351536.050931526
"371","DE","05-14",2025-02-13,2025-03-02,3,264671,81376.4912354651,102535.636135706,126093.842254508,158668.005343394,199657.140027797,245529.621392621,309371.116122532
"372","DE","05-14",2025-02-13,2025-03-09,4,190005,75881.8480984805,96167.7613430028,118877.511194382,150451.450225683,190411.446602366,235376.58107977,298301.101544528
"373","DE","15-34",2025-02-13,2025-02-16,1,626468,287661.246778456,340435.475860934,395817.053450691,467977.497502948,553293.336555052,643302.339790768,761322.356145487
"374","DE","15-34",2025-02-13,2025-02-23,2,610579,228903.877825644,276320.861959976,327020.673112827,394332.873116043,475500.259172619,562745.837274047,679317.520948232
"375","DE","15-34",2025-02-13,2025-03-02,3,543809,187253.744623823,228662.060566755,273421.419961813,333498.939666666,406776.991993984,486401.384134821,593961.648041939
"376","DE","15-34",2025-02-13,2025-03-09,4,452071,160358.491973257,199378.473567716,242279.491733767,300854.177944527,373590.169514387,453976.97538263,564443.05052315
"377","DE","35-59",2025-02-13,2025-02-16,1,794337,416584.065072954,489394.074414125,565271.745770826,663450.974800197,778682.464242226,899412.598099548,1056610.73686591
"378","DE","35-59",2025-02-13,2025-02-23,2,729815,316240.13573579,380278.072964573,448500.450115647,538746.078734044,647150.604367214,763250.258129787,917806.769453836
"379","DE","35-59",2025-02-13,2025-03-02,3,688521,241149.992247469,296060.380180739,355715.8025584,436195.370220357,534883.183803556,642660.800764763,788996.09006175
"380","DE","35-59",2025-02-13,2025-03-09,4,529080,197125.139653782,249023.181796416,306946.529370589,387234.120766407,488522.429601056,602153.836458169,760685.646432998
"381","DE","60+",2025-02-13,2025-02-16,1,221094,157855.064809301,182193.134641666,207136.203318905,238874.298856051,275475.410573783,313189.247038295,361476.71741102
"382","DE","60+",2025-02-13,2025-02-23,2,231932,131792.355974835,152972.859457394,174795.931485908,202712.831303282,235088.377776721,268626.030269363,311797.233390676
"383","DE","60+",2025-02-13,2025-03-02,3,227115,98862.2127591632,117289.31788561,136672.080677764,161986.47069281,191989.589661538,223717.020104965,265416.036675556
"384","DE","60+",2025-02-13,2025-03-09,4,189785,82678.6223051454,100622.805326914,119957.671445112,145827.013825408,177275.181362336,211338.949377789,257206.970415524
"385","DE","00+",2025-02-20,2025-02-23,1,2149126,1192653.68371253,1371502.80296866,1554164.22095639,1785781.74482102,2051917.29235252,2325198.63119002,2673883.02546397
"386","DE","00+",2025-02-20,2025-03-02,2,1957077,872162.066708999,1034434.87210109,1205078.0410899,1427883.06057704,1691882.15631152,1970979.60410175,2337696.29809309
"387","DE","00+",2025-02-20,2025-03-09,3,1563001,623890.559248938,755086.053784839,895708.940014247,1082868.38560572,1309135.01937993,1552940.80014681,1879502.61974785
"388","DE","00+",2025-02-20,2025-03-16,4,1563001,494050.190432091,614270.064918873,746447.912499866,926917.040942849,1151018.29130027,1398692.9363125,1739044.36721059
"389","DE","00-04",2025-02-20,2025-02-23,1,288556,162542.515552429,185128.46978778,207987.158343693,236709.686164991,269398.726202788,302662.662250488,344718.889909484
"390","DE","00-04",2025-02-20,2025-03-02,2,260559,138349.209036817,160198.371344374,182659.369020867,211327.081256757,244494.084874442,278773.965663467,322800.076584575
"391","DE","00-04",2025-02-20,2025-03-09,3,225997,117294.095634161,137856.588628011,159294.536162039,187045.227482385,219630.365026132,253784.875080161,298275.176894307
"392","DE","00-04",2025-02-20,2025-03-16,4,207490,101049.697141056,120473.370494165,140999.157776792,167931.072845663,200007.189204197,234083.641151729,279078.968319217
"393","DE","05-14",2025-02-20,2025-02-23,1,318026,121423.264507434,148270.722236835,177290.222054807,216240.313415108,263747.614526699,315368.215925825,385098.138610836
"394","DE","05-14",2025-02-20,2025-03-02,2,264671,92298.1344269297,115683.047160349,141589.645678798,177231.616608689,221845.642561933,271526.785443249,340321.569019327
"395","DE","05-14",2025-02-20,2025-03-09,3,190005,73807.2640513219,92998.292947289,114365.234593308,143909.5147638,181086.048686026,222691.705226146,280594.988931602
"396","DE","05-14",2025-02-20,2025-03-16,4,175372,60913.1743372896,77197.4294130362,95427.3880463315,120772.960155126,152850.331579335,188945.513024666,239457.359812922
"397","DE","15-34",2025-02-20,2025-02-23,1,610579,256249.047258094,303260.405491484,352594.393478942,416875.019545869,492874.490166129,573054.638107871,678187.036326158
"398","DE","15-34",2025-02-20,2025-03-02,2,543809,197819.92664205,238797.931960884,282612.973533321,340784.528306603,410929.807224372,486327.891449987,587069.749263914
"399","DE","15-34",2025-02-20,2025-03-09,3,452071,157671.607667157,192538.284211479,230226.610114644,280813.150509598,342514.818160502,409560.237965521,500128.251787667
"400","DE","15-34",2025-02-20,2025-03-16,4,448477,137337.596936286,170755.911356297,207498.104853775,257663.87123442,319957.960995805,388804.522269089,483412.204818961
"401","DE","35-59",2025-02-20,2025-02-23,1,729815,383894.953245019,450991.603057833,520915.197213362,611390.358646293,717579.699431459,828836.209169308,973699.100459568
"402","DE","35-59",2025-02-20,2025-03-02,2,688521,286811.441268578,344890.132101796,406763.866983492,488611.412210503,586928.02267029,692223.667541398,832397.44930112
"403","DE","35-59",2025-02-20,2025-03-09,3,529080,216334.025157429,265593.762360199,319110.2378332,391307.913035172,479840.082360438,576526.652746751,707803.04990171
"404","DE","35-59",2025-02-20,2025-03-16,4,554315,181815.698753436,229683.153978432,283107.967940938,357160.13884364,450582.036622229,555388.423440003,701608.088044145
"405","DE","60+",2025-02-20,2025-02-23,1,231932,155656.840798891,179655.988788379,204251.710660333,235547.834672912,271639.254524357,308827.903780329,356442.942914288
"406","DE","60+",2025-02-20,2025-03-02,2,227115,126242.466845471,146531.041162921,167435.124913818,194176.42013959,225188.604587203,257313.957772981,298667.184509152
"407","DE","60+",2025-02-20,2025-03-09,3,189785,97010.6655519219,115092.657474019,134112.408966762,158952.696826623,188393.900483276,219527.121738066,260445.175638277
"408","DE","60+",2025-02-20,2025-03-16,4,200382,85188.182983528,103677.029363993,123598.770521702,150253.330200051,182656.050225367,217753.762571116,265014.024780537
"409","DE","00+",2025-02-27,2025-03-02,1,1957077,1002178.9655916,1152464.69210287,1305953.8679067,1500580.53418001,1724212.4663785,1953848.95952973,2246846.13913316
"410","DE","00+",2025-02-27,2025-03-09,2,1563001,679149.627491281,805510.907740324,938390.161581288,1111887.6705464,1317462.86622381,1534795.0971654,1820356.13636404
"411","DE","00+",2025-02-27,2025-03-16,3,1563001,512779.167125031,620609.483550501,736188.226345135,890015.629576737,1075985.45119834,1276370.79659035,1544773.79674383
"412","DE","00+",2025-02-27,2025-03-23,4,1269522,411275.797217988,511353.736015572,621386.179462029,771619.062903911,958173.834429626,1164352.4556523,1447680.56439055
"413","DE","00-04",2025-02-27,2025-03-02,1,260559,162192.251978028,184729.535642268,207538.965910695,236199.599431746,268818.197714853,302010.453161947,343976.053672867
"414","DE","00-04",2025-02-27,2025-03-09,2,225997,131851.249962694,152674.205012061,174080.258864286,201401.511498748,233010.733661668,265680.563594721,307638.864595195
"415","DE","00-04",2025-02-27,2025-03-16,3,207490,113528.071764048,133430.35386642,154179.981824744,181039.666949429,212578.576163122,245636.469209789,288698.297257078
"416","DE","00-04",2025-02-27,2025-03-23,4,194242,96534.755408934,115090.571104927,134699.257830018,160427.843935906,191070.78631719,223624.688476514,266609.606052221
"417","DE","05-14",2025-02-27,2025-03-02,1,264671,115920.673983047,141551.473874224,169255.884484468,206440.857730768,251795.249957918,301076.538266804,367646.47992685
"418","DE","05-14",2025-02-27,2025-03-09,2,190005,90484.1509479001,113409.467768354,138806.910365049,173748.39101062,217485.594192585,266190.327605111,333633.051341353
"419","DE","05-14",2025-02-27,2025-03-16,3,175372,65884.8906728091,83015.980098239,102089.422698433,128462.459201808,161648.513508829,198788.27431354,250476.296699492
"420","DE","05-14",2025-02-27,2025-03-23,4,158187,51885.282356831,65756.0612444539,81284.1725493156,102873.298049136,130196.508368043,160942.052355653,203967.579452001
"421","DE","15-34",2025-02-27,2025-03-02,1,543809,238731.518857548,282529.117618216,328490.568049223,388376.884342978,459180.929266002,533879.854804155,631825.261338717
"422","DE","15-34",2025-02-27,2025-03-09,2,452071,193923.71464475,234094.627378631,277046.698806783,334072.521128049,402836.236105761,476749.298446474,575506.969724152
"423","DE","15-34",2025-02-27,2025-03-16,3,448477,146269.788706151,178615.126503362,213578.069725085,260506.509692317,317746.300823049,379943.417562653,463962.122269883
"424","DE","15-34",2025-02-27,2025-03-23,4,349362,122833.898135628,152723.032072028,185585.022918152,230452.974411104,286168.423398838,347744.362421232,432360.889143846
"425","DE","35-59",2025-02-27,2025-03-02,1,688521,360267.50557626,423234.581481418,488854.612780086,573761.331273069,673415.074048484,777824.118511211,913771.184380549
"426","DE","35-59",2025-02-27,2025-03-09,2,529080,271140.269145576,326045.581829372,384538.580067734,461914.033932474,554858.695078626,654401.061184845,786915.847712813
"427","DE","35-59",2025-02-27,2025-03-16,3,554315,206056.941226109,252976.563630482,303950.705276225,372718.584508021,457044.977445983,549138.391493765,674178.420833809
"428","DE","35-59",2025-02-27,2025-03-23,4,418389,163595.015803695,206665.428027203,254736.267588523,321367.290939011,405426.901568264,499730.103246319,631296.345907053
"429","DE","60+",2025-02-27,2025-03-02,1,227115,151776.14143857,175176.963792172,199159.48677325,229675.363365845,264866.983701819,301128.478284485,347556.421169025
"430","DE","60+",2025-02-27,2025-03-09,2,189785,119497.537149902,138702.125936857,158489.338489232,183801.88980043,213157.143668089,243566.091478577,282709.882562941
"431","DE","60+",2025-02-27,2025-03-16,3,200382,96423.8742708282,114396.493113745,133301.199273266,157991.234949483,187254.356727072,218199.261545925,258869.813203663
"432","DE","60+",2025-02-27,2025-03-23,4,167386,77690.1350389351,94551.6400236137,112719.920019119,137028.412914369,166579.127652379,198587.62831762,241688.162035252
"433","DE","00+",2025-03-06,2025-03-09,1,1563001,960399.991337813,1104420.58585749,1251511.08383599,1438024.12693568,1652333.26045406,1872396.63596415,2153179.30893416
"434","DE","00+",2025-03-06,2025-03-16,2,1563001,645131.891484139,765163.89685908,891387.398867145,1056194.63956299,1251472.83668059,1457919.17420673,1729176.82626921
"435","DE","00+",2025-03-06,2025-03-23,3,1269522,509904.082976704,617129.809252379,732060.517507788,885025.431081144,1069952.54480724,1269214.35639166,1536112.4568523
"436","DE","00+",2025-03-06,2025-03-30,4,1166431,409351.826400901,508961.595092237,618479.300711777,768009.386455704,953691.444491757,1158905.55077574,1440908.23502618
"437","DE","00-04",2025-03-06,2025-03-09,1,225997,124642.798520468,141962.430455421,159491.20378856,181516.556577405,206583.55777036,232091.407607062,264341.467800947
"438","DE","00-04",2025-03-06,2025-03-16,2,207490,108301.58212246,125405.394008577,142988.158675961,165429.621208299,191393.188264911,218227.930221641,252692.149429327
"439","DE","00-04",2025-03-06,2025-03-23,3,194242,98813.099717566,116135.742086372,134195.90134645,157574.161043524,185025.145920577,213798.231125988,251278.588563054
"440","DE","00-04",2025-03-06,2025-03-30,4,177950,100975.049623488,120384.374304222,140894.998759942,167807.01866178,199859.439724562,233910.718686747,278872.80686817
"441","DE","05-14",2025-03-06,2025-03-09,1,190005,73371.5487299811,89594.4658213611,107129.866913165,130665.953987356,159372.843665204,190565.247249403,232700.438071158
"442","DE","05-14",2025-03-06,2025-03-16,2,175372,55421.7775863405,69463.5937122516,85019.593300139,106421.340993957,133210.491597747,163042.267376307,204351.110920401
"443","DE","05-14",2025-03-06,2025-03-23,3,158187,56120.3698376931,70712.5329946776,86959.181382039,109423.581750593,137691.271385425,169326.705409208,213354.264730571
"444","DE","05-14",2025-03-06,2025-03-30,4,146331,58487.8483518163,74123.7276464783,91627.8401410941,115964.250023146,146764.425121483,181422.436653045,229923.097914974
"445","DE","15-34",2025-03-06,2025-03-09,1,452071,173296.566953874,205089.492925144,238453.171127464,281924.988635626,333322.047433419,387546.422215826,458645.549731826
"446","DE","15-34",2025-03-06,2025-03-16,2,448477,164713.615515586,198833.714169223,235316.054618275,283752.262585373,342158.32257144,404938.100456111,488820.224547252
"447","DE","15-34",2025-03-06,2025-03-23,3,349362,156235.059398036,190784.065154441,228129.012182086,278254.657885089,339394.160760881,405828.728788598,495571.576143434
"448","DE","15-34",2025-03-06,2025-03-30,4,318530,135047.263326491,167908.271587036,204037.727694739,253366.896207314,314622.128069225,382320.558046195,475350.499613828
"449","DE","35-59",2025-03-06,2025-03-09,1,529080,260351.077655953,305854.89305704,353275.894396306,414634.62178006,486650.440366109,562102.727408814,660346.295189464
"450","DE","35-59",2025-03-06,2025-03-16,2,554315,247810.995871846,297992.181638544,351452.363671469,422170.329463421,507117.907011309,598095.514114656,719208.550259095
"451","DE","35-59",2025-03-06,2025-03-23,3,418389,209119.482156213,256736.4519209,308468.201605655,378258.149997416,463837.85198832,557300.013180635,684198.46187543
"452","DE","35-59",2025-03-06,2025-03-30,4,376808,170240.303659397,215060.251379955,265083.745579198,334421.34484894,421895.486825162,520029.318169936,656939.828504588
"453","DE","60+",2025-03-06,2025-03-09,1,189785,109090.043991492,125909.530346828,143147.117639766,165080.593404615,190374.789015307,216437.963383337,249808.335588766
"454","DE","60+",2025-03-06,2025-03-16,2,200382,108983.24838974,126498.073547735,144544.258866441,167629.622236448,194401.980898448,222135.321614448,257834.948639496
"455","DE","60+",2025-03-06,2025-03-23,3,167386,94319.2471378152,111899.580755168,130391.65718138,154542.787743151,183167.188451343,213436.664214863,253219.506815266
"456","DE","60+",2025-03-06,2025-03-30,4,162810,71188.6412493611,86639.0923095509,103286.961000599,125561.199282787,152638.964421078,181968.835834556,221462.50425131
"457","DE","00+",2025-03-13,2025-03-16,1,1563001,756616.331067363,870077.737571366,985957.656271009,1132895.19858577,1301730.88348726,1475099.83942488,1696304.29357521
"458","DE","00+",2025-03-13,2025-03-23,2,1269522,553070.87029793,655974.178214706,764185.449474374,905474.518029581,1072886.30444984,1249872.52551966,1482421.41619074
"459","DE","00+",2025-03-13,2025-03-30,3,1166431,445531.504769504,539220.574483792,639641.914698078,773295.851578571,934876.937123309,1108983.04398176,1342186.73127952
"460","DE","00+",2025-03-13,2025-04-06,4,1186384,367373.68648757,456768.689939861,555055.592927091,689251.693439293,855892.460075319,1040062.30587189,1293146.22789405
"461","DE","00-04",2025-03-13,2025-03-16,1,207490,129969.258325574,148029.023861791,166306.86820184,189273.447902433,215411.657186619,242009.554250138,275637.781906355
"462","DE","00-04",2025-03-13,2025-03-23,2,194242,109277.275298384,126535.176092646,144276.344572455,166919.983115719,193117.456960241,220193.954153523,254968.662855781
"463","DE","00-04",2025-03-13,2025-03-30,3,177950,89949.0529555185,105717.76459613,122157.834043532,143438.942778208,168427.432153046,194619.422610107,228737.597887824
"464","DE","00-04",2025-03-13,2025-04-06,4,173007,78413.3508615272,93485.8880066007,109413.652318997,130312.494823396,155203.175720598,181646.093000675,216561.926260307
"465","DE","05-14",2025-03-13,2025-03-16,1,175372,83841.9767701923,102379.972239333,122417.748685972,149312.534197419,182116.017552693,217759.70808371,265907.767532286
"466","DE","05-14",2025-03-13,2025-03-23,2,158187,59137.2083147991,74120.3763314231,90719.2374332827,113555.740822196,142140.814214417,173972.487889421,218050.642584203
"467","DE","05-14",2025-03-13,2025-03-30,3,146331,44340.3363735056,55869.50884099,68705.87924484,86454.8547354072,108788.971038191,133783.920109149,168569.806154798
"468","DE","05-14",2025-03-13,2025-04-06,4,146856,36037.6588489888,45671.8050811351,56457.0750527854,71452.1084084845,90429.8317127561,111784.58541212,141668.575570111
"469","DE","15-34",2025-03-13,2025-03-16,1,448477,198808.495330126,235281.830524196,273557.15691221,323428.696666161,382392.195502829,444599.234858529,526165.250903746
"470","DE","15-34",2025-03-13,2025-03-23,2,349362,151055.705619162,182346.595335761,215803.851810401,260223.771493932,313786.851728763,371360.984973903,448287.676211656
"471","DE","15-34",2025-03-13,2025-03-30,3,318530,123696.650580748,151050.282405948,180617.556750347,220303.74822074,268709.987851245,321308.512020339,392360.999689518
"472","DE","15-34",2025-03-13,2025-04-06,4,338580,100165.442954884,124538.668796595,151336.123891986,187923.892447596,233357.300586484,283569.671122269,352570.590323872
"473","DE","35-59",2025-03-13,2025-03-16,1,554315,287432.947408887,337670.096019303,390023.85735859,457765.155070739,537272.100778895,620572.978381121,729035.89893209
"474","DE","35-59",2025-03-13,2025-03-23,2,418389,215075.399913468,258627.698950618,305025.841977832,366402.032006286,440128.115663368,519087.667728772,624201.787430588
"475","DE","35-59",2025-03-13,2025-03-30,3,376808,170131.173619707,208870.419082397,250957.283474562,307735.569764882,377359.762535507,453396.806089416,556636.264146404
"476","DE","35-59",2025-03-13,2025-04-06,4,377668,130375.112331745,164699.567781858,203009.054638161,256109.860377396,323100.172548655,398253.993413055,503104.153924922
"477","DE","60+",2025-03-13,2025-03-16,1,200382,122985.565057268,141947.4607326,161380.713629733,186108.001399644,214624.086149712,244007.099571984,281628.076992949
"478","DE","60+",2025-03-13,2025-03-23,2,167386,99357.1314409907,115324.932099359,131777.159695907,152823.472010936,177231.119955628,202514.869701858,235061.270980313
"479","DE","60+",2025-03-13,2025-03-30,3,162810,79160.3420238796,93915.1801324804,109435.226560457,129704.809000398,153728.721606254,179133.314274627,212522.293963243
"480","DE","60+",2025-03-13,2025-04-06,4,165941,64428.3086455568,78411.5286108334,93478.4550683906,113637.450572499,138143.812530593,164688.412551022,200431.618400209
"481","DE","00+",2025-03-20,2025-03-23,1,1269522,728009.964527568,837181.589739122,948680.287345841,1090062.37305556,1252514.67011703,1419328.84300738,1632169.93591921
"482","DE","00+",2025-03-20,2025-03-30,2,1166431,580074.004625333,688001.464048974,801496.042838453,949683.409427571,1125268.90956062,1310896.30657788,1554799.1651936
"483","DE","00+",2025-03-20,2025-04-06,3,1186384,471447.0502001,570585.798144858,676848.417318464,818276.697059394,989256.583627925,1173490.04326329,1420258.65400205
"484","DE","00+",2025-03-20,2025-04-13,4,1010131,394806.026407056,490876.287810599,596502.420120859,740719.143177688,919803.223864075,1117725.30613984,1389707.38127538
"485","DE","00-04",2025-03-20,2025-03-23,1,194242,124261.898850126,141528.603201834,159003.809830252,180961.854682208,205952.252873592,231382.152506117,263533.658772761
"486","DE","00-04",2025-03-20,2025-03-30,2,177950,104963.505682891,121540.14307751,138580.970948327,160330.741670807,185494.058446857,211501.698729428,244903.660157581
"487","DE","00-04",2025-03-20,2025-04-06,3,173007,88096.3493205728,103540.268776997,119641.717911865,140484.494210424,164958.289282483,190610.796617357,224026.231118181
"488","DE","00-04",2025-03-20,2025-04-13,4,149003,80544.6904162837,96026.9115533672,112387.605637605,133854.495919441,159421.726054217,186583.3836371,222448.258044648
"489","DE","05-14",2025-03-20,2025-03-23,1,158187,72289.8910318974,88273.6467117903,105550.537496694,128739.650979524,157023.338084364,187755.897164221,229269.922775462
"490","DE","05-14",2025-03-20,2025-03-30,2,146331,54370.1442757572,68145.5156533726,83406.3387229579,104401.986292245,130682.810307389,159948.525405673,200473.529856462
"491","DE","05-14",2025-03-20,2025-04-06,3,146856,40848.4522983396,51469.6809604381,63295.1632867019,79646.3738991692,100221.636944873,123248.187222342,155294.619951712
"492","DE","05-14",2025-03-20,2025-04-13,4,113988,37997.8555251634,48156.0319530882,59527.9452036114,75338.6035327901,95348.5822978915,117864.885292048,149374.35557415
"493","DE","15-34",2025-03-20,2025-03-23,1,349362,161600.145661183,191247.250380343,222359.091497904,262896.836503234,310824.919178354,361389.491906191,427689.878376205
"494","DE","15-34",2025-03-20,2025-03-30,2,318530,136103.5292113,164297.10525091,194442.611276393,234465.646562815,282726.811048506,334601.996390404,403914.136074839
"495","DE","15-34",2025-03-20,2025-04-06,3,338580,112072.307769142,136855.393084104,163644.094755998,199600.792401191,243458.075200254,291113.674290492,355489.033109325
"496","DE","15-34",2025-03-20,2025-04-13,4,295454,98837.1740057804,122887.192580394,149329.293309367,185431.880594314,230262.807642893,279809.324460308,347895.239687174
"497","DE","35-59",2025-03-20,2025-03-23,1,418389,236171.180018695,277448.865040721,320465.678893753,376125.763657513,441453.170820986,509897.887187911,599017.162363964
"498","DE","35-59",2025-03-20,2025-03-30,2,376808,191460.39632652,230230.708681809,271534.395000091,326171.55793266,391802.61198285,462092.506309626,555665.23022747
"499","DE","35-59",2025-03-20,2025-04-06,3,377668,154831.540636847,190087.025745678,228389.083597691,280061.386527316,343424.383460314,412623.53343643,506578.826904322
"500","DE","35-59",2025-03-20,2025-04-13,4,334080,123468.364501841,155974.44868498,192254.453376495,242542.192509333,305983.628020482,377156.102446282,476451.724169046
"501","DE","60+",2025-03-20,2025-03-23,1,167386,104897.483626994,121070.561664353,137645.672138879,158736.198191887,183058.284542292,208119.796175298,240207.674628429
"502","DE","60+",2025-03-20,2025-03-30,2,162810,89836.7006924974,104274.461803941,119150.231916062,138179.880142661,160248.779789965,183109.832896002,212537.628041306
"503","DE","60+",2025-03-20,2025-04-06,3,165941,76030.8637832243,90202.3928304351,105108.878902954,124577.135633946,147651.301057902,172051.563553669,204120.563025655
"504","DE","60+",2025-03-20,2025-04-13,4,132945,66820.895578806,81323.3914660647,96949.8379874636,117857.450834546,143273.872402073,170804.223321328,207874.776249231
"505","DE","00+",2025-03-27,2025-03-30,1,1166431,699551.111698308,804455.076621664,911595.145664963,1047450.42244904,1203552.2487215,1363845.43944479,1568366.29824674
"506","DE","00+",2025-03-27,2025-04-06,2,1186384,550850.217839329,653340.355408514,761117.144147991,901838.918466039,1068578.52449301,1244854.12255218,1476469.29876902
"507","DE","00+",2025-03-27,2025-04-13,3,1010131,501356.160935035,606784.378268017,719788.412925078,870189.055687534,1052016.09117481,1247937.52073804,1510361.39902245
"508","DE","00+",2025-03-27,2025-04-20,4,705844,408010.517858009,507293.898769728,616452.751625774,765492.877466038,950566.517719043,1155108.20625348,1436186.86235721
"509","DE","00-04",2025-03-27,2025-03-30,1,177950,124472.032814976,141767.936149469,159272.694349924,181267.871509271,206300.529890655,231773.432935207,263979.309234422
"510","DE","00-04",2025-03-27,2025-04-06,2,173007,104007.876368495,120433.593493013,137319.274919844,158871.027118185,183805.247095284,209576.103523404,242673.960269731
"511","DE","00-04",2025-03-27,2025-04-13,3,149003,97946.9565207241,115117.757798805,133019.611286453,156192.949564721,183403.313675238,211924.189284208,249076.013796975
"512","DE","00-04",2025-03-27,2025-04-20,4,123932,89859.362657072,107132.040926786,125384.784036712,149334.234571382,177858.212911153,208161.007874953,248173.511981452
"513","DE","05-14",2025-03-27,2025-03-30,1,146331,71010.457553855,86711.3223366973,103682.435478957,126461.132959044,154244.236985837,184432.871259731,225212.15466266
"514","DE","05-14",2025-03-27,2025-04-06,2,146856,48757.4419452726,61110.7634080985,74796.1914084092,93624.4303454059,117192.249932077,143436.826324119,179778.380648857
"515","DE","05-14",2025-03-27,2025-04-13,3,113988,44990.6955635654,56688.9714678134,69713.6185547456,87722.9260650613,110384.626661907,135746.187629906,171042.29354587
"516","DE","05-14",2025-03-27,2025-04-20,4,70313,45765.4787165065,58000.2167217301,71696.8068750383,90739.5222403515,114839.994349509,141959.140185807,179909.860604988
"517","DE","15-34",2025-03-27,2025-03-30,1,318530,162111.690813554,191852.643422757,223062.969052444,263729.036262316,311808.8352509,362533.470099689,429043.730398469
"518","DE","15-34",2025-03-27,2025-04-06,2,338580,124920.258095613,150797.241711802,178465.770330776,215200.217458798,259495.888250609,307108.62525471,370725.56765667
"519","DE","15-34",2025-03-27,2025-04-13,3,295454,118596.784078616,144822.658038086,173170.908655647,211220.885422353,257631.393084152,308061.342354798,376184.42005163
"520","DE","15-34",2025-03-27,2025-04-20,4,191610,103121.235069649,128213.692880281,155801.916769081,193469.357461141,240243.464603221,291937.55702347,362974.631278863
"521","DE","35-59",2025-03-27,2025-03-30,1,376808,223581.293166932,262658.534494309,303382.194631083,356075.134253425,417920.047640807,482716.091741318,567084.568828083
"522","DE","35-59",2025-03-27,2025-04-06,2,377668,175590.192458024,211146.823169855,249026.835793899,299135.109561017,359325.987847106,423789.533883249,509605.989488694
"523","DE","35-59",2025-03-27,2025-04-13,3,334080,151617.483263828,186141.120382337,223648.088222749,274247.756045027,336295.437593113,404058.122897544,496063.053393766
"524","DE","35-59",2025-03-27,2025-04-20,4,223676,118382.747442035,149549.917831861,184335.562315938,232551.967750749,293380.2735907,361621.179662218,456826.850814771
"525","DE","60+",2025-03-27,2025-03-30,1,162810,95270.7663904159,109959.598631523,125013.567738438,144168.560891486,166258.545576502,189020.096546294,218163.186221761
"526","DE","60+",2025-03-27,2025-04-06,2,165941,82928.000847539,96255.4567364701,109987.237478155,127553.451198152,147925.189191071,169028.161770644,196192.875099823
"527","DE","60+",2025-03-27,2025-04-13,3,132945,76942.6745609878,91284.1576542223,106369.41184778,126071.144373052,149422.029956093,174114.916015724,206568.507453336
"528","DE","60+",2025-03-27,2025-04-20,4,107416,64290.2875828951,78243.552099711,93278.201546674,113394.011593331,137847.874980679,164335.610030108,200002.245263708
